meta,Genus,Species,Isolate N,Taxon,PC1,PC2,PC3,PC4,PC5
Artspp29BHI18AC11,Art,spp,29,Art spp,1.677721903381608,-0.44403490710768645,-0.8047695617815094,1.0027300478424352,-2.1334956609301554
Artspp29BHI18AC12,Art,spp,29,Art spp,1.8337970381316542,-0.38870454405630134,-0.8164195328037923,1.0910039356871002,-1.967577772672112
Artspp29BHI18AC13,Art,spp,29,Art spp,1.6937285055435156,-0.5282475898964426,-0.7735652341056495,0.9894716716231624,-2.1546990974765734
Artspp29BHI18AC21,Art,spp,29,Art spp,1.810956732480984,-0.5482855872855984,-0.8225725441065947,1.0852924360495995,-2.129327939039003
Artspp29BHI18AC22,Art,spp,29,Art spp,1.5169824009987958,-0.5313405749999804,-1.0486332949451074,1.010947440975618,-2.3745158569573612
Artspp29BHI18AC23,Art,spp,29,Art spp,1.5528687688794496,-0.5596770714198569,-1.0281222968613708,0.9959923686725719,-2.4396453320528786
Artspp29BHI18AC31,Art,spp,29,Art spp,1.915467840558608,-0.3526759948081987,-0.9806944746927847,1.0611825675095152,-1.905704650825207
Artspp29BHI18AC32,Art,spp,29,Art spp,1.7845763021604315,-0.37405155215008506,-0.9645336290737765,0.9792738998743133,-1.9781851566965862
Artspp29BHI18AC33,Art,spp,29,Art spp,1.7969129105634283,-0.4206558233727073,-0.9972658316543751,0.9954592838943673,-2.066313193371271
Artant38BHI18AC11,Pae,ant,38,Pae ant,2.3798256087240617,0.9562310962009994,2.428590496998842,-0.5793702302083817,2.245621822786972
Artant38BHI18AC12,Pae,ant,38,Pae ant,2.194208213389537,0.7524554460023696,2.677951434476717,-0.7127035347895961,2.586832352626523
Artant38BHI18AC13,Pae,ant,38,Pae ant,2.3654902806880127,0.8901286603158635,2.531310508672352,-0.5585587379324649,2.408186636761188
Artant38BHI18AC21,Pae,ant,38,Pae ant,0.7551353044497523,-0.4033779238327264,2.2925946926807548,-1.0463481706328661,1.8469477226987154
Artant38BHI18AC22,Pae,ant,38,Pae ant,0.5723073322351563,-0.6385860776873559,2.3296751588264595,-1.2174780416037068,1.7737729070037398
Artant38BHI18AC23,Pae,ant,38,Pae ant,0.7264950162683131,0.15326123257986576,1.7436613803636678,-0.82845648193248,1.7808924301249232
Artant38BHI18AC31,Pae,ant,38,Pae ant,-0.1753595574307862,0.08090052111824048,1.8211292671967634,-0.622159112868915,1.880236594611365
Artant38BHI18AC32,Pae,ant,38,Pae ant,0.9617957672715114,0.5994136921503443,1.0801561445253292,-0.2686145268884179,1.692140618141174
Artant38BHI18AC33,Pae,ant,38,Pae ant,-0.49060535824113777,-0.6318658448474013,2.0472163899372333,-1.2219336834926506,1.8265283963388523
Artcry09BHI18AC11,Art,cry,9,Art cry,-11.89475165706639,-5.720017747979019,4.094610817774078,-3.7179842300432284,-1.2169863345926368
Artcry09BHI18AC11,Art,cry,9,Art cry,0.9887352505873899,-4.1373261194670565,4.388195155467572,-1.8727045014396957,-0.13769593614811565
Artcry09BHI18AC12,Art,cry,9,Art cry,0.07113946532976846,-6.250607724156237,5.79835387026956,-2.9128747372549713,-0.1958646576662953
Artcry09BHI18AC13,Art,cry,9,Art cry,0.9187107115012507,-5.2997692623404244,4.973075040077538,-2.324287201824893,-0.2812401268925328
Artcry09BHI18AC21,Art,cry,9,Art cry,-9.210596301354098,-9.11666689854897,4.199942197282281,-4.542035684605736,-1.1205491499982945
Artcry09BHI18AC22,Art,cry,9,Art cry,-2.287070343010054,-6.237626950616773,1.60022533482486,-1.5017982387109956,-2.967479466567558
Artcry09BHI18AC23,Art,cry,9,Art cry,-14.651972575120174,-4.833904133277582,1.6042941967805686,-2.414868274251565,-2.162352652331104
Artcry09BHI18AC31,Art,cry,9,Art cry,1.6096452245106365,2.8230822700401195,1.0638165546336082,3.6370656510966617,-4.153667054257191
Artcry09BHI18AC32,Art,cry,9,Art cry,-1.1693913758145387,-4.357136825597156,1.3227358380327858,-1.0564289279501073,-3.128927190781848
Artcry09BHI18AC33,Art,cry,9,Art cry,-3.1210169146041515,-6.159715009576589,3.8844410744841564,-1.7716795973694452,-1.9804460395967634
Artory26BHI18AC11,Art,ory,26,Art ory,1.103269811207358,-1.217156564866639,-0.15926057460003087,0.8222522430809307,-2.6646629830827244
Artory26BHI18AC12,Art,ory,26,Art ory,0.7781658622171369,-2.0745552250120634,0.7052468032649956,0.6508803836531772,-2.995019700853407
Artory26BHI18AC13,Art,ory,26,Art ory,0.9097514017797668,-1.4121322414340944,-0.06199540014701913,0.8505616980395511,-2.908006464238085
Artory26BHI18AC21,Art,ory,26,Art ory,0.8059099039796468,-3.0563464818108335,1.576616771898087,0.58225802709777,-3.199926791873462
Artory26BHI18AC22,Art,ory,26,Art ory,-0.21686683873384352,-4.57523042656589,2.9119987592985566,-0.08969444549335248,-3.318806835234954
Artory26BHI18AC23,Art,ory,26,Art ory,-0.6777951102640507,-4.619133531851674,3.095947616889721,-0.18712735294074237,-3.155632841383264
Artory26BHI18AC31,Art,ory,26,Art ory,0.7681607542066066,-1.247139243350846,-0.08851093336213747,0.8671923145932746,-2.8900556024510102
Artory26BHI18AC32,Art,ory,26,Art ory,0.9289448372046041,-1.2196868741016682,-0.13761469675145094,0.8113979554109523,-2.7625848710720433
Artory26BHI18AC33,Art,ory,26,Art ory,0.6782519056241858,-1.2930002244381118,-0.15782923148749864,0.7612695020615521,-2.9361671520260484
Artspp06BHI18AC11,Art,spp,6,Art spp,0.3214776670253757,1.543733016502954,1.5929536089868017,1.6112889924922165,2.226626292194014
Artspp06BHI18AC12,Art,spp,6,Art spp,1.4264053994516268,1.611491888501346,-1.3021452956869006,1.271610650866239,0.2657877111178185
Artspp06BHI18AC13,Art,spp,6,Art spp,-0.38574104938111287,0.7802090618959203,0.2834297917553945,0.8842643152076266,-0.33809806819501215
Artspp06BHI18AC23,Art,spp,6,Art spp,-4.9930808329219,-3.6174808336072872,3.182521814599098,-1.4001614709038837,-0.02043854421653375
Artspp07BHI18AC11,Art,spp,7,Art spp,2.5899979544200393,-1.0220499293253302,-0.2333257116173692,0.7170117472395814,-1.8527685391896103
Artspp07BHI18AC12,Art,spp,7,Art spp,2.5877422867756152,-0.8268205510582595,-0.3950936217797825,0.7503249830393139,-1.693329866046103
Artspp07BHI18AC13,Art,spp,7,Art spp,2.521805114068721,-0.647435685962823,-0.5205922778195602,0.765241458174176,-1.5668176162652696
Artspp07BHI18AC21,Art,spp,7,Art spp,1.3342952246161952,-0.45371105370422987,-0.7347153348680823,0.946113277768968,-1.7814108481425956
Artspp07BHI18AC22,Art,spp,7,Art spp,1.2214379733741731,-0.27824861642337645,-1.0651280801217946,0.9250544622981525,-1.9876098005208063
Artspp07BHI18AC23,Art,spp,7,Art spp,1.3459866359503145,-0.26914030464656363,-0.898105609831707,0.9517192615373553,-1.892916675226163
Artspp07BHI18AC31,Art,spp,7,Art spp,1.973416982286822,-0.20938987394828443,-0.7998475626379967,1.0472832339196418,-1.5475972475576922
Artspp07BHI18AC32,Art,spp,7,Art spp,2.263654110861664,-0.3560583153827369,-0.841640350194394,1.0328764226795764,-1.7386817479005805
Artspp07BHI18AC33,Art,spp,7,Art spp,1.999564161215184,-0.12575912870611827,-0.8139414671965681,1.0628022111582458,-1.456714501176142
Artspp08BHI18AC11,Art,spp,8,Art spp,2.1978231619445845,-0.2920307288695073,1.4991099198516544,-0.43767203545697164,0.8765826222134886
Artspp08BHI18AC12,Art,spp,8,Art spp,0.9935226447033364,-3.518242857201709,4.062811241683244,-1.8805007434926835,0.23293587623121154
Artspp08BHI18AC13,Art,spp,8,Art spp,0.9632938979832831,-4.088739645704744,4.526019884139899,-2.0582200888594606,0.05047339465281925
Artspp08BHI18AC21,Art,spp,8,Art spp,1.2268917291490344,0.5933753302843765,-0.01519976921681716,0.13851360333425675,0.24264680704142422
Artspp08BHI18AC22,Art,spp,8,Art spp,1.2368987665230742,0.6282813224464361,0.0985223937536876,0.19800665142009882,0.11176573543677629
Artspp08BHI18AC23,Art,spp,8,Art spp,1.513491209101312,0.5672324389570481,0.6832075645616676,0.27985184625687554,0.20607233215116752
Artspp08BHI18AC31,Art,spp,8,Art spp,1.1408234733321287,0.5643286008330956,-0.14162616608386353,0.2293392761147121,0.1774287507429486
Artspp08BHI18AC32,Art,spp,8,Art spp,1.1458625202506905,0.5969760248889605,-0.0349156934075118,0.28442581902998026,0.04247882945056893
Artspp08BHI18AC33,Art,spp,8,Art spp,1.4480680014888907,0.5504423886510903,0.5670018125886452,0.3817849959897303,0.14575828371761398
Artspp10BHI18AC11,Art,spp,10,Art spp,-1.3589057863966718,-3.272456218131942,2.114380577555897,-0.5808957432030563,-1.914974963254437
Artspp10BHI18AC12,Art,spp,10,Art spp,1.9753718767282276,-0.8535864912147112,-0.14448874783832685,0.8344580809433338,-1.8103133576145656
Artspp10BHI18AC13,Art,spp,10,Art spp,2.0653515127491637,-0.7011973890659733,-0.24247086621872857,0.8323662728982706,-1.647934920258363
Artspp10BHI18AC21,Art,spp,10,Art spp,1.440044100625977,-0.09247317302757152,-0.7892042532746532,0.9801583625682696,-1.7631505991383405
Artspp10BHI18AC22,Art,spp,10,Art spp,1.4251361135155838,-0.13663120755426006,-0.8315610038434305,0.9744023845440871,-1.8498352384640477
Artspp10BHI18AC23,Art,spp,10,Art spp,1.2945807221146215,-0.1429349017481487,-0.773635130318477,0.9251143471405441,-1.8387404643214535
Artspp10BHI18AC31,Art,spp,10,Art spp,1.2858482146831827,-1.5040320319678162,0.3873736616648333,0.6333033453794953,-1.9831326804051228
Artspp10BHI18AC32,Art,spp,10,Art spp,1.076921279801969,-1.7135169415658225,0.601027017232285,0.546710551588236,-1.9676011817449424
Artspp10BHI18AC33,Art,spp,10,Art spp,1.1118446231446886,-1.615018309451682,0.4711414891660789,0.5570761741969524,-1.963299978600941
Atrspp31BHI18AC11,Art,spp,31,Art spp,-1.9063143494751094,-3.84162279930404,3.5287621023561604,-3.0656602942746534,-0.8628795033774174
Atrspp31BHI18AC12,Art,spp,31,Art spp,-2.4690625875981334,-3.143077955817788,4.4384859257428015,-2.3116912291048455,-0.5084699821214772
Atrspp31BHI18AC13,Art,spp,31,Art spp,-0.8493881284445127,-1.6723550321305383,2.0645437318144237,0.2998673898552818,-1.0441439362053215
Atrspp31BHI18AC21,Art,spp,31,Art spp,-3.493719613254217,-4.830794949977522,4.707134598696009,-2.282756244660683,0.2110626057963465
Atrspp31BHI18AC22,Art,spp,31,Art spp,-2.3744264146870853,-2.6440995332064325,4.406882084382824,-0.43470243367791506,0.2085733235161883
Atrspp31BHI18AC23,Art,spp,31,Art spp,-4.428149435671599,-5.360796539754275,5.659027231468306,-2.7161305947198295,0.737151359286265
Atrspp31BHI18AC31,Art,spp,31,Art spp,-1.1095037965162171,-2.794403033759963,2.7763308073587143,-2.5673421822564166,-1.023033349101091
Atrspp31BHI18AC32,Art,spp,31,Art spp,-3.1026029340651884,-3.086418110341012,4.1545744774115985,-1.4687283331900207,-0.5096836838661609
Artspp37BHI18AC11,Art,spp,37,Art spp,6.4787364988037845,2.878782974273526,-4.205515888368811,-9.555650942501599,-4.888910244162634
Artspp37BHI18AC11,Art,spp,37,Art spp,-0.031603047952608765,-1.4867602702185745,2.169805203155994,-1.4247910526610503,1.3098020791169644
Artspp37BHI18AC12,Art,spp,37,Art spp,-0.01593982608385407,-1.9649872225426621,2.6726522017303522,-1.5999777604758778,1.2298780681327892
Artspp37BHI18AC13,Art,spp,37,Art spp,0.09867968526391055,-3.4952836722950185,3.9226546513233873,-2.043978708473,0.644192749118701
Artspp37BHI18AC21,Art,spp,37,Art spp,1.903375522651772,-0.8938656975939153,-0.5457545369626277,1.1111815186437846,-2.067203620453675
Artspp37BHI18AC22,Art,spp,37,Art spp,1.9670267273064217,-0.9407848288777168,-0.514159007413767,1.0570177740389488,-2.217004952183994
Artspp37BHI18AC23,Art,spp,37,Art spp,2.0539069182395364,-0.940029283582986,-0.5673711871209345,1.06409533517484,-2.282390961666242
Artspp37BHI18AC31,Art,spp,37,Art spp,0.8761868704432877,1.0890561873719937,2.490799945538565,2.9667502195452458,-1.1479485280737
Artspp37BHI18AC32,Art,spp,37,Art spp,0.7931286606092178,0.15596142043934696,2.155241969072752,2.147124478473638,-0.39360555639438144
Artspp37BHI18AC33,Art,spp,37,Art spp,1.7107258668040937,2.777754918910265,-0.10118914969220791,1.986942669581385,-3.2837584408276133
Cryarc01BHI18AC11,Cry,arc,1,Cry arc,0.6835854849005393,-0.18564714621778308,3.3956593095524417,1.981654665517434,-0.41587497972657017
Cryarc01BHI18AC11,Cry,arc,1,Cry arc,2.7178560104779486,0.796422495735389,-3.1809071860633495,1.4711715958938079,-2.0256031443318756
Cryarc01BHI18AC12,Cry,arc,1,Cry arc,0.6559352010830576,-0.13937727748039697,3.405011624863683,1.7468817844015436,0.23383115530863982
Cryarc01BHI18AC12,Cry,arc,1,Cry arc,2.1322422640808116,0.7222764093315452,-3.8301355562353043,1.2331606902358911,-1.8460012030246489
Cryarc01BHI18AC13,Cry,arc,1,Cry arc,1.7991308704378477,1.0571667205988828,-4.182483407213029,1.0347890161237119,-1.430788442055987
Cryarc01BHI18AC21,Cry,arc,1,Cry arc,0.2669107627758885,-1.0793346050646264,1.4207390417402166,0.4375193880317835,-0.8713585163423562
Cryarc01BHI18AC22,Cry,arc,1,Cry arc,1.123264680821616,0.06833330201729841,4.529112641548802,0.5963594214137192,2.8260250611237185
Crysol02BHI18AC12,Cry,sol,2,Cry sol,1.3191914773460318,1.1177817473620149,1.6563840685002678,2.037855008578819,-2.4312423130883736
Crysol02BHI18AC13,Cry,sol,2,Cry sol,0.07699553083856439,-1.710388986607788,2.754856486761906,1.5581905665037723,-1.7302041019608172
Crysol02BHI18AC21,Cry,sol,2,Cry sol,-0.49046122643813933,-1.2873010241443485,1.6020281300849806,0.7771340131242283,-1.9569661342885194
Crysol02BHI18AC22,Cry,sol,2,Cry sol,3.2686836636056666,5.416790465987375,-0.36446572666766175,2.54448497243543,-4.993595771343266
Crysol02BHI18AC23,Cry,sol,2,Cry sol,3.3287905169207455,5.834689805419973,-1.950568601973846,3.492727528988621,-5.93946209275854
Crysol02BHI18AC32,Cry,sol,2,Cry sol,1.3376774630377914,0.8159836024417811,4.639036920499377,1.1112808314799945,2.142274078317274
Crysol02BHI18AC33,Cry,sol,2,Cry sol,3.5495076995326884,3.1006697518037907,1.4703486245210622,1.7426689489958846,-2.049276600229618
Crysol39BHI18AC11,Cry,sol,39,Cry sol,-3.295392120296015,-6.536451870346229,5.011569622250166,-1.40742721827829,-1.5683206383464028
Crysol39BHI18AC12,Cry,sol,39,Cry sol,-1.152457566241286,-4.966983275061677,3.9769524887749785,-0.2552548571826978,-2.4131543947271457
Crysol39BHI18AC13,Cry,sol,39,Cry sol,-4.168243230791337,-7.660551197681302,6.0768212346393256,-2.0725878243336444,-1.36228988958404
Crysol39BHI18AC21,Cry,sol,39,Cry sol,-2.8620805725251266,-6.438580020909963,5.270494205997975,-1.42681019769327,-1.3368359204482603
Crysol39BHI18AC22,Cry,sol,39,Cry sol,-4.336590903415402,-4.447193556648011,3.989364082450711,-1.1931501898770493,-0.6989699439954707
Crysol39BHI18AC23,Cry,sol,39,Cry sol,-1.2242719958637318,-5.1103608263836104,4.217070476213674,-0.4390265674370616,-2.2266748650146573
Crysol39BHI18AC31,Cry,sol,39,Cry sol,-1.3782457086426965,-5.697942831258804,4.756965724435691,-0.6339433009201497,-2.2827173443618
Crysol39BHI18AC32,Cry,sol,39,Cry sol,-0.6288606347860543,-3.1396001716640263,2.6913307437237752,0.33360709319724163,-1.7555511800959158
Crysol39BHI18AC33,Cry,sol,39,Cry sol,-0.25949814791714265,-3.9877352903470613,3.369807594652785,0.2959614491862745,-2.537373584281648
Crysol40BHI18AC11,Cry,sol,40,Cry sol,-0.21141901788100664,-0.25387365207066864,2.6020899349792472,1.8827716456683983,-0.6989979833257104
Crysol40BHI18AC12,Cry,sol,40,Cry sol,1.3583779270044436,1.1979584077592702,1.5396125591550196,1.5815006278627266,-1.3264212977359306
Crysol40BHI18AC13,Cry,sol,40,Cry sol,-0.4579622454940949,-0.6464754462198128,1.8497359591654168,1.543652902575499,-1.1100463105465919
Crysol40BHI18AC22,Cry,sol,40,Cry sol,0.21026238476882825,-0.3777286912572897,2.0590177589271055,1.263626832325923,-0.7894372247174201
Crysol40BHI18AC23,Cry,sol,40,Cry sol,2.4698349218027693,3.734143804479431,0.10048239481159253,1.813271781223663,-2.7189336984541366
Crysol40BHI18AC31,Cry,sol,40,Cry sol,-0.5912357372287498,-0.5051122645340582,0.4372043893295398,0.879180954319854,-1.017832375373821
Crysol40BHI18AC32,Cry,sol,40,Cry sol,2.832987904352108,1.3159084747481808,0.053379429228882745,1.0342824210679298,-1.9875985225120674
Crysol41BHI18AC11,Cry,sol,41,Cry sol,-0.31364570667905434,-0.8829364699058295,2.5970513741811136,0.9024777171928582,-0.6727157056982862
Crysol41BHI18AC12,Cry,sol,41,Cry sol,0.014263041054228525,-1.8530171716935957,3.793140652309767,0.4894016185221981,-1.3976580511722496
Crysol41BHI18AC21,Cry,sol,41,Cry sol,-0.1292128124070693,-1.8212161221930059,1.7282633278509525,0.7477439738819321,-1.8040845588276906
Crysol41BHI18AC22,Cry,sol,41,Cry sol,4.082024417881161,0.9516700187067709,-0.5098646458537568,-0.4158008824516297,-2.9133655855801592
Crysol41BHI18AC31,Cry,sol,41,Cry sol,-0.39696871263044214,-1.2139420855626375,2.4816470092608856,0.9870945666242202,-0.9375887849772848
Crysol41BHI18AC32,Cry,sol,41,Cry sol,0.627551404107322,0.6196549031842922,3.284419726852176,2.444839051156014,-0.3240199277683082
Crysol41BHI18AC33,Cry,sol,41,Cry sol,2.3293880155913036,1.3689252679128365,1.5774541631652597,1.1911315633800559,-2.0965331950199144
Crysol43BHI18AC11,Cry,sol,43,Cry sol,0.4808732742294195,-0.7646896715478934,0.6046357684691874,1.0634249983368496,-1.192081649242125
Crysol43BHI18AC13,Cry,sol,43,Cry sol,-2.617585706784338,-2.5057867930887454,1.4596937396181666,0.7317027367079195,-1.4875353146177694
Crysol43BHI18AC21,Cry,sol,43,Cry sol,-0.5769430384817795,-0.6761263272832557,2.4106536009386095,0.5566119873660423,-1.6800816878466742
Crysol43BHI18AC22,Cry,sol,43,Cry sol,-0.5091838205415912,-0.6553401355202102,1.6832667748723533,1.0119026252841388,-0.8310840742866981
Crysol43BHI18AC23,Cry,sol,43,Cry sol,0.008951552475324809,0.5230940024188554,3.0269178271552697,1.9546553776746172,1.3969307279583745
Crysol43BHI18AC32,Cry,sol,43,Cry sol,0.523312400105265,-1.0709421858623036,1.1855126669475489,0.602813459123904,-0.9307927304986027
Crysol43BHI18AC33,Cry,sol,43,Cry sol,1.714571959509699,1.5043055645917536,3.872648905876086,2.9529304080803382,0.03297953046485161
Leiant13BHI18AC11,Lei,ant,13,Lei ant,-0.803916455326451,-2.722434742395602,2.495612610503451,-0.3423565560636501,-3.156175940148157
Leiant13BHI18AC12,Lei,ant,13,Lei ant,-0.6149521950410258,-2.91931900568156,2.847928110321385,0.09496894240511883,-2.766649488410888
Leiant13BHI18AC13,Lei,ant,13,Lei ant,-0.6069222559160885,-2.8916663035259904,2.7360495596330896,0.20453791979888117,-2.7714055513858455
Leiant13BHI18AC21,Lei,ant,13,Lei ant,0.06290082313054261,-2.9268275973672373,3.0513391372984136,0.1604644268751111,-2.5536903171446053
Leiant13BHI18AC22,Lei,ant,13,Lei ant,-0.1257312329825637,-2.984977770220819,3.0481743955654093,0.11716424776747,-2.7359287817818974
Leiant13BHI18AC23,Lei,ant,13,Lei ant,-0.1556717741300402,-2.9421171946591187,3.0355572980430066,0.0772274469943241,-2.784116392725719
Leiant13BHI18AC31,Lei,ant,13,Lei ant,-0.9772364290565626,-2.6971348504684567,2.321420951238106,-0.22942642187952447,-1.7480676717403292
Leiant13BHI18AC32,Lei,ant,13,Lei ant,-0.7829625507256257,-2.655673753028132,2.5822247324592604,-0.49640156855680523,-2.268801086049139
Leiant13BHI18AC33,Lei,ant,13,Lei ant,-0.6160051888236251,-2.7525906818521513,2.9274472808304233,-0.06583406135528748,-2.6496059164459442
Leiant14BHI18AC11,Lei,ant,14,Lei ant,0.5807083058968194,-2.952819662004721,2.3350863644413455,-0.5259308186819007,-2.2281583377849197
Leiant14BHI18AC12,Lei,ant,14,Lei ant,0.5654789264022011,-2.9774079997067817,2.351947976541571,-0.5109046533432519,-2.2210218070556236
Leiant14BHI18AC13,Lei,ant,14,Lei ant,0.48469009848749467,-2.98329631957782,2.3251994749336076,-0.5499891272226723,-2.1694098673590907
Leiant14BHI18AC21,Lei,ant,14,Lei ant,0.485555392867814,-2.702056906634045,1.6365343711362852,-0.25520061187103527,-1.564112096146531
Leiant14BHI18AC22,Lei,ant,14,Lei ant,0.5368658480347238,-2.7032780013193043,1.8278159328787489,-0.3145955112971788,-1.8080970403876615
Leiant14BHI18AC23,Lei,ant,14,Lei ant,0.5877024761348892,-2.674476050740067,1.7045553462911767,-0.2529893538729573,-1.619756067927201
Leiant14BHI18AC31,Lei,ant,14,Lei ant,0.5701721103846658,-3.1423577012734545,2.8668084720929783,-0.24421710450905834,-2.3759295632771713
Leiant14BHI18AC32,Lei,ant,14,Lei ant,0.5053329488014355,-3.156866431950237,2.8566425124295014,-0.30340248536915004,-2.384095538444504
Leiant14BHI18AC33,Lei,ant,14,Lei ant,0.43684664026696857,-3.136809194109036,2.846716225737215,-0.3142374964136967,-2.3678035938795374
Leiant19BHI18AC11,Lei,ant,19,Lei ant,0.3439161495508136,-1.7290287847603774,0.8523774022441136,0.10671605859382882,-1.1674082022711576
Leiant19BHI18AC12,Lei,ant,19,Lei ant,0.304749729884957,-1.7587206172125178,0.89293619056187,0.12493244351428365,-1.1644657929322255
Leiant19BHI18AC13,Lei,ant,19,Lei ant,0.3989383174766216,-1.6735527659523668,0.718229557685121,0.09379904923093964,-1.1723371366098896
Leiant19BHI18AC21,Lei,ant,19,Lei ant,0.6400515397602016,-1.8019593211110452,1.1336730765177199,-0.03259443044577547,-1.687770530573513
Leiant19BHI18AC22,Lei,ant,19,Lei ant,0.667942989495165,-1.821417263103736,1.1949823764770475,-0.0022700398919338056,-1.7651317954857413
Leiant19BHI18AC23,Lei,ant,19,Lei ant,0.6448894746632503,-1.8398856654292395,1.2380570240651763,-0.03830382186404819,-1.7737630034332292
Leiant19BHI18AC31,Lei,ant,19,Lei ant,0.8314935271619275,-1.6814550998721736,1.3651755471998794,0.020086676754048495,-1.6213994307369433
Leiant19BHI18AC32,Lei,ant,19,Lei ant,0.9029196000828856,-1.6647316092772448,1.445973931564946,0.10112645314347843,-1.5934279390808888
Leiant19BHI18AC33,Lei,ant,19,Lei ant,0.8931368021438361,-1.6951200502213724,1.5453946652667787,0.08460725059300998,-1.5489187139572866
Leiant20BHI18AC11,Lei,ant,20,Lei ant,0.4291185882059879,-1.1811445951588362,0.6477668479872306,-0.22292477298365967,-0.8302401458405879
Leiant20BHI18AC12,Lei,ant,20,Lei ant,0.4134154794094593,-1.1830223842010135,0.723739616578897,-0.1625735378212181,-0.8098951908691386
Leiant20BHI18AC13,Lei,ant,20,Lei ant,0.3649936108222034,-1.2960130162437136,0.6748579804174692,0.06856022831788933,-0.7354803534884465
Leiant20BHI18AC21,Lei,ant,20,Lei ant,1.100892478186961,-1.219918671362505,1.1418661254236921,0.0022617934462192263,-1.2099561998592967
Leiant20BHI18AC22,Lei,ant,20,Lei ant,1.0259991319558692,-1.251857489878455,1.0572239115088142,-0.053413580755893475,-0.9665053957299782
Leiant20BHI18AC23,Lei,ant,20,Lei ant,1.1416617151943158,-1.22567795232742,1.136231860653426,0.06716885448394093,-1.167953429228537
Leiant20BHI18AC31,Lei,ant,20,Lei ant,-0.12762643160055562,-1.9195667528221436,2.124091388604987,0.6795820578535797,-1.2836890259219393
Leiant20BHI18AC32,Lei,ant,20,Lei ant,-0.009221422366188297,-1.9740899920558117,2.3517555383697255,0.64392496471867,-1.328342200828794
Leiant20BHI18AC33,Lei,ant,20,Lei ant,-0.07787569720977866,-1.9201935933407153,2.371021334647133,0.5520094977007896,-1.4598971433240984
Leiant21BHI18AC11,Lei,ant,21,Lei ant,0.41345076958429877,-2.3846019445157536,2.134026236776645,0.1842141329082205,-2.0988933436278288
Leiant21BHI18AC12,Lei,ant,21,Lei ant,0.5428845403989042,-2.3529514254708546,2.104516432682568,0.18741400170684422,-2.070824654325978
Leiant21BHI18AC13,Lei,ant,21,Lei ant,0.10182273199778274,-2.5120585236461634,2.3591806914120563,0.13223108499287461,-2.162094237901999
Leiant21BHI18AC21,Lei,ant,21,Lei ant,0.10725814431569602,-1.831766872713424,1.096681398610438,0.04075245172948205,-1.348339555661974
Leiant21BHI18AC22,Lei,ant,21,Lei ant,0.10500338636251742,-1.7838807557022556,0.9071250287898235,0.17440545187694415,-1.1423281276811899
Leiant21BHI18AC23,Lei,ant,21,Lei ant,0.049713034469451876,-1.7481174004639697,0.8767441453660668,0.12819336790552147,-1.1028341138618134
Leiant21BHI18AC31,Lei,ant,21,Lei ant,0.3639128240458002,-1.7563517247428149,1.5193504753390026,0.12310443530085058,-1.825031549212081
Leiant21BHI18AC32,Lei,ant,21,Lei ant,0.34969690462528324,-1.7563220500214283,1.4572526016258482,0.06101683840390012,-1.7781314090571123
Leiant21BHI18AC33,Lei,ant,21,Lei ant,0.3919937131288276,-1.7641897089224579,1.579293917551008,0.1445299511629694,-1.7657584754797007
Leiant22BHI18AC11,Lei,ant,22,Lei ant,0.6112169537321109,-1.534365763185753,1.0174717464647158,0.1972807554961647,-1.4257138602539132
Leiant22BHI18AC12,Lei,ant,22,Lei ant,0.5326216955360081,-1.518966161848175,0.9675645892398901,0.1207750998964267,-1.2641416565616177
Leiant22BHI18AC13,Lei,ant,22,Lei ant,0.5635899057148804,-1.5861085042097733,1.1583675175166421,0.13562731213360438,-1.390474168776979
Leiant22BHI18AC21,Lei,ant,22,Lei ant,0.5372518073630195,-1.3864299753570168,0.8991790151181633,0.08029334866240569,-1.3601685513381863
Leiant22BHI18AC22,Lei,ant,22,Lei ant,0.42337945906895147,-1.3872673308436994,0.7957274680849231,0.057948278669492495,-1.063450652090503
Leiant22BHI18AC23,Lei,ant,22,Lei ant,0.5153783854958133,-1.4122482475924978,0.8090180721704973,0.07742033559394727,-1.1057063062616317
Leiant22BHI18AC31,Lei,ant,22,Lei ant,0.6102031945446783,-1.4671645081302591,1.05680680227757,0.09375246640761102,-1.7969875602947207
Leiant22BHI18AC32,Lei,ant,22,Lei ant,0.5554177221878756,-1.434444377577711,0.8082278195764819,0.09310252413615411,-1.321066324527315
Leiant22BHI18AC33,Lei,ant,22,Lei ant,0.6540816530304148,-1.430326549411118,0.9032668115243232,0.2140318203998615,-1.5727164677028675
Leiant27BHI18AC11,Lei,ant,27,Lei ant,1.4445275442953,1.8381146431825053,-0.8219615543012189,0.9107503844345207,2.055272227733933
Leiant27BHI18AC12,Lei,ant,27,Lei ant,1.902053974027262,2.989106565825371,-1.8268094351535813,1.2901424036837315,2.596706935520713
Leiant27BHI18AC13,Lei,ant,27,Lei ant,-1.3391495568899132,-3.174837929064404,1.4394997781749026,-0.5790635276852542,-0.3086638298004164
Leiant27BHI18AC21,Lei,ant,27,Lei ant,0.32003732844049443,2.6353054901136814,-2.0303473155442107,0.8397877013040259,1.8714061950095446
Leiant27BHI18AC22,Lei,ant,27,Lei ant,0.36703474975697314,3.1649026974849095,-2.706036310496343,0.7673692435911564,2.3167937903714018
Leiant27BHI18AC23,Lei,ant,27,Lei ant,0.15637523395780134,2.380276910536065,-1.2620655605848887,1.0993074644244116,2.09292141934139
Leiant27BHI18AC31,Lei,ant,27,Lei ant,0.24865708298253106,2.6030771980922958,-2.1019062576107883,0.9357761528645038,1.8254468538960906
Leiant27BHI18AC32,Lei,ant,27,Lei ant,0.2906393201766316,3.128602760434748,-2.7801547838779763,0.8623312374535241,2.271908962732964
Leiant27BHI18AC33,Lei,ant,27,Lei ant,0.0701306365312952,2.3410396415267516,-1.346653327721282,1.1907823775413648,2.030033296019258
Leikaf15BHI18AC11,Lei,kaf,15,Lei kaf,0.32834209695882144,-0.6099276098029066,0.20983120777785497,0.671072343824188,-1.2438581156822466
Leikaf15BHI18AC12,Lei,kaf,15,Lei kaf,-0.013907322549036372,-0.3981199992781556,-0.17992332652794704,0.5237935826810557,-0.5918193254655222
Leikaf15BHI18AC13,Lei,kaf,15,Lei kaf,0.0954355747665693,-0.586629421702775,0.4403173814023949,0.6242506279957346,-0.6305573796783697
Leikaf15BHI18AC21,Lei,kaf,15,Lei kaf,0.37818906387486245,0.3179052251220303,-1.2176657885145183,0.8488522519219754,-0.4296485174857
Leikaf15BHI18AC22,Lei,kaf,15,Lei kaf,0.2584535738964143,0.1793797729305128,-0.3033685648454149,1.0484906132213196,-0.7217014162388747
Leikaf15BHI18AC23,Lei,kaf,15,Lei kaf,0.3195545066855398,0.23697533609820218,-0.8663558094418323,0.9143044018021426,-0.5865822719635857
Leikaf15BHI18AC31,Lei,kaf,15,Lei kaf,-1.0529317727522378,-1.6104798804829994,1.9586452343684773,0.44545494810513464,-0.7064394429137979
Leikaf15BHI18AC32,Lei,kaf,15,Lei kaf,0.06752391801459844,-1.0226329644904002,0.9482217484623005,0.48583484376941044,-0.4650262909386196
Leikaf15BHI18AC33,Lei,kaf,15,Lei kaf,-0.36064157038974143,-1.0456901609691467,2.2585031166699934,0.7743739760594833,-0.913359836185688
Leirub04BHI18AC11,Lei,rub,4,Lei rub,1.077426862941648,2.4105597707612363,1.6635245994014778,1.727768754695406,1.2803030930238126
Leirub04BHI18AC12,Lei,rub,4,Lei rub,3.143129104397268,1.8054531781875993,-2.257181668721342,-0.18816033371700155,-0.7776616743022711
Leirub04BHI18AC13,Lei,rub,4,Lei rub,1.5073023569864037,3.7069836200034354,1.253517203855832,1.9397324828851625,0.8144724586211899
Leirub04BHI18AC21,Lei,rub,4,Lei rub,3.0732688097867342,4.058638346503872,-1.1337333890321422,0.7388263838988403,-0.4303939511129175
Leirub04BHI18AC22,Lei,rub,4,Lei rub,0.9581590359184884,2.0450921787276597,0.36155861903134023,0.5556726990873683,-0.4027082901770304
Leirub04BHI18AC23,Lei,rub,4,Lei rub,1.0904749310033985,2.8523262904326425,0.10355435697184354,1.5649991190911319,0.35210710208071594
Leirub04BHI18AC31,Lei,rub,4,Lei rub,1.5030870908481784,0.7871921599867195,0.7159325073606433,-0.6259680103428978,0.024247919662230374
Leirub04BHI18AC32,Lei,rub,4,Lei rub,2.137507007519157,-0.14245556968689813,-2.0139953649884617,-1.3935252413640191,-0.23358627384962752
Leirub04BHI18AC33,Lei,rub,4,Lei rub,2.1353400065927017,-2.4284695305781314,-2.959584166751915,-0.7659452915869406,-0.4401586073943157
Leirub05BHI18AC11,Lei,rub,5,Lei rub,-0.6414958550940979,-0.3503577392733983,2.2956267655728952,0.884580220041165,0.4681699719281706
Leirub05BHI18AC12,Lei,rub,5,Lei rub,0.17741647024911908,-0.25256501344624543,0.9169233796141717,0.3330341672272294,0.47014137381853155
Leirub05BHI18AC13,Lei,rub,5,Lei rub,0.796994735678639,0.0453571041443509,0.551282513463382,0.5137336968100513,0.6505292219035198
Leirub05BHI18AC21,Lei,rub,5,Lei rub,3.94357189707648,6.140611411243229,-1.3984919642025753,1.6533911886795372,-1.9436851635005397
Leirub05BHI18AC22,Lei,rub,5,Lei rub,0.5471138405517423,1.701188920122011,1.017127727138749,1.8417362170471918,0.5044956277554311
Leirub05BHI18AC23,Lei,rub,5,Lei rub,0.06714643931374083,1.426938575842184,1.4001489719832105,1.384676311455918,1.6894475861507363
Leirub05BHI18AC32,Lei,rub,5,Lei rub,3.2261631092388354,4.728865832160721,0.5711203201213879,1.3650774921138007,1.0754713716630075
Leirub05BHI18AC33,Lei,rub,5,Lei rub,1.451142463447736,1.8965463639138005,1.798837842798227,1.5694000183249783,1.990686688159732
Salspp12BHI18AC11,Sal,spp,12,Sal spp,0.106557340938022,-0.4699970737698652,0.6606815773877386,0.6014212161679784,-0.32857934234751174
Salspp12BHI18AC12,Sal,spp,12,Sal spp,0.8492940089179176,0.20762388384653496,0.23734957921426916,0.9533051842701935,-0.3001127564457376
Salspp12BHI18AC13,Sal,spp,12,Sal spp,0.376693683387962,0.32464621984346603,-0.6400126080903864,0.8648174864896383,-0.13993197156349452
Salspp12BHI18AC21,Sal,spp,12,Sal spp,0.7282969975536204,0.5058459874551516,1.3505641630226706,1.3923765461691777,-0.16046858273490466
Salspp12BHI18AC22,Sal,spp,12,Sal spp,0.19456360753965146,-0.4418574346123274,0.7205156840036488,0.7799422983678271,-0.5753068740298042
Salspp12BHI18AC23,Sal,spp,12,Sal spp,0.32690071463112946,-0.49187817845558274,0.40762760833672806,0.5541153099612307,-0.43400105961236257
Salspp12BHI18AC31,Sal,spp,12,Sal spp,0.5455125778434969,1.137532728182641,1.2920108570198119,1.7438598457651806,0.4440346811124581
Salspp12BHI18AC32,Sal,spp,12,Sal spp,2.3506199937670473,3.9993871377229446,0.5439476277593589,2.4875046795177216,-0.4315817019792917
Salspp12BHI18AC33,Sal,spp,12,Sal spp,0.5304880303119874,1.1184539110282357,0.4615026984276604,1.2681944461731596,0.6255550142839119
Salspp18BHI18AC11,Sal,spp,18,Sal spp,1.3216294337664667,-0.8370898344850246,-0.8782600874919255,-2.3813684361196494,-0.03959697298969991
Salspp18BHI18AC13,Sal,spp,18,Sal spp,-0.588857303456919,0.9753379056884892,1.1921033973902597,0.6716350035308982,1.311036793726001
Salspp18BHI18AC22,Sal,spp,18,Sal spp,0.8079722300320559,2.1441577269152776,1.5502630835333546,0.9993655738511293,1.9829289417595946
Salspp18BHI18AC23,Sal,spp,18,Sal spp,1.1159185651631474,0.7739403120457601,0.364081167011255,-0.1767868130996196,-0.21004399655635372
Salspp18BHI18AC31,Sal,spp,18,Sal spp,-0.611805846130929,0.49316026281302217,1.6624053548759943,0.40304176504480266,1.3248501157434178
Salspp18BHI18AC32,Sal,spp,18,Sal spp,-0.9945323481637677,0.7808105866892764,2.493096461711754,0.4242483004942816,1.1469318563370685
Salspp18BHI18AC33,Sal,spp,18,Sal spp,1.4325243011028093,4.845970170275035,0.21915351370899153,-0.3458545892765392,-0.3892019209160715
Salspp23BHI18AC11,Sal,spp,23,Sal spp,-0.18014148809425504,1.9868261273501444,3.2299581348176702,1.5425392373975848,1.854766335118949
Salspp23BHI18AC12,Sal,spp,23,Sal spp,-0.49285541894153767,1.2949396978608874,-0.6797464587886908,0.41545649779288985,1.4203276100096338
Salspp23BHI18AC13,Sal,spp,23,Sal spp,-0.3445490410534702,0.7758327388208756,2.537580087543205,0.4274616748353819,1.5860230498354975
Salspp23BHI18AC21,Sal,spp,23,Sal spp,-1.3656938001617336,-0.35646766257376494,1.882990183275143,0.2984287497865291,-1.1209827862631436
Salspp23BHI18AC22,Sal,spp,23,Sal spp,-1.4035805819426082,-0.20616180156468145,2.3216167073208434,0.6193860237671969,-0.7986917456878245
Salspp23BHI18AC23,Sal,spp,23,Sal spp,-1.0807971021506086,-0.036943143234339115,3.2780610588442882,-0.005673687213935423,-1.8566886873132373
Salspp23BHI18AC32,Sal,spp,23,Sal spp,-0.7188080515003722,1.3321370432571749,-0.2740155004622062,0.5092055248240709,1.4996001172122606
Salspp23BHI18AC33,Sal,spp,23,Sal spp,-0.43485143490098344,1.7495297717766725,1.833000943232702,0.651667265987214,1.5644841638954046
Polspp42BHI18AC11,Pol,spp,42,Pol spp,0.2352998940710552,1.8328227020491066,1.6364732787933476,0.9159455400513253,2.3114557014003028
Polspp42BHI18AC12,Pol,spp,42,Pol spp,0.19822538849542068,2.152681488218173,1.4341243168640756,1.0274118979100537,2.523552155040802
Polspp42BHI18AC13,Pol,spp,42,Pol spp,-0.36448474691894034,1.099372201480307,2.456078756071605,0.5623278973130467,2.381157654137194
Polspp42BHI18AC21,Pol,spp,42,Pol spp,-1.1068573690999697,3.803065694070942,1.139718084070515,0.26633968584678136,4.347156985259211
Polspp42BHI18AC22,Pol,spp,42,Pol spp,-0.2395918552278037,1.3078983367893204,2.6712055572234075,0.7171151020723155,2.3657037305422506
Polspp42BHI18AC23,Pol,spp,42,Pol spp,-1.7699772415721005,-0.14840254801442487,3.927896839005493,-0.04243421040070661,2.3190294694037052
Polspp42BHI18AC31,Pol,spp,42,Pol spp,-1.0924650701372178,0.8784257516036795,3.1216576622198917,0.24210462148298129,2.556098615718531
Polspp42BHI18AC32,Pol,spp,42,Pol spp,0.006470920265106468,3.31456667141784,1.2570672135988095,1.07998499036341,3.073203248425731
Polspp42BHI18AC33,Pol,spp,42,Pol spp,0.08010023675161408,3.1521368292770586,1.427334474624804,0.878450472468128,2.9679603753816433
Pseflu33BHI18AC11,Pse,flu,33,Pse flu,1.5818985888339236,4.235022616155852,1.0103872454069032,1.8794658056527491,8.683745865151252
Pseflu33BHI18AC11,Pse,flu,33,Pse flu,0.7705911708439024,-1.9970139216160638,0.16471121316481488,-0.36037120935042,-0.0019943884657335795
Pseflu33BHI18AC12,Pse,flu,33,Pse flu,1.6989753297852395,3.844740538429632,-0.504332910766684,2.8784856126321086,6.041782023317495
Pseflu33BHI18AC12,Pse,flu,33,Pse flu,-1.392491878638306,-2.388289464555808,0.8558353423027478,-2.1635212970528044,1.135505414362948
Pseflu33BHI18AC13,Pse,flu,33,Pse flu,1.6877938851554288,3.777705400740658,-0.6696177162484447,2.5190982520944196,3.9103500554891317
Pseflu33BHI18AC13,Pse,flu,33,Pse flu,-2.0988705565348273,-3.8489703099963832,2.225245592158705,-3.3305733728612634,1.2424072118366263
Pseext35BHI18AC11,Pse,ext,35,Pse ext,2.6708246225466037,3.2438400053914647,-2.382308318548872,0.30490253356555497,3.541691743720749
Pseext35BHI18AC12,Pse,ext,35,Pse ext,2.087997577977103,0.975139459649308,-0.42490408409013436,-0.4152890498612677,2.6761607424878795
Pseext35BHI18AC13,Pse,ext,35,Pse ext,2.0818747850796555,-0.4516688303516718,0.7710184020963708,-0.8462148995172843,2.265688465362776
Pseext35BHI18AC21,Pse,ext,35,Pse ext,1.7024889022961298,5.06105356980309,-0.5051135836980379,3.9096055353565715,-0.9163033553130486
Pseext35BHI18AC22,Pse,ext,35,Pse ext,2.4879549049737912,7.092540461975957,-1.9404622163039265,3.7226006100538545,-2.025667936524636
Pseext35BHI18AC23,Pse,ext,35,Pse ext,1.037959614047769,2.1231416366073974,1.7035709618765682,1.9769424148198567,1.5893993892081617
Pseext35BHI18AC31,Pse,ext,35,Pse ext,-3.445682523059438,-6.369049800652443,-0.6963526508013569,-1.5857178164652377,0.6142718828194303
Pseext35BHI18AC32,Pse,ext,35,Pse ext,-4.209379483424432,-6.980579748728672,-1.0153937310266083,-2.7818909758732433,1.0947370434547767
Pseext35BHI18AC33,Pse,ext,35,Pse ext,-0.5487142764104721,-5.725650141545184,-0.2722862052016109,-3.2536092969487562,0.979637596876356
Psever36BHI18AC11,Pse,ver,36,Pse ver,3.5165275383353087,0.06941320847353472,-3.242054741464712,1.0338147105389779,-1.1974556673295629
Psever36BHI18AC12,Pse,ver,36,Pse ver,3.4505672266776535,0.12621956307826737,-3.2124210611118804,0.9583241007458771,-1.0227712827561466
Psever36BHI18AC13,Pse,ver,36,Pse ver,3.6010770132102428,0.4933242682486512,-3.4820937096481206,1.0790049610878152,-0.8805750061667189
Psever36BHI18AC21,Pse,ver,36,Pse ver,0.8865864026513597,1.3983000804315353,-0.2549321385081514,0.7755435304110192,1.564859279886959
Psever36BHI18AC22,Pse,ver,36,Pse ver,0.6885417562708073,1.4954105046526858,-1.4826062288904804,0.7867141472865123,0.6825627413803265
Psever36BHI18AC23,Pse,ver,36,Pse ver,0.9518990264752948,1.694042473813617,-1.7493930048077782,0.7776943554393714,0.4776810586052847
Psever36BHI18AC31,Pse,ver,36,Pse ver,2.1712399338682387,1.6741703557165946,-2.8708617572437114,0.738948461776167,0.5664233225067193
Psespp17BHI18AC11,Pse,spp,17,Pse spp,1.099592300924964,2.6559676467209954,-2.7769392422638752,-0.4120565256253189,3.4521016780848126
Psespp17BHI18AC12,Pse,spp,17,Pse spp,0.6907786010046583,2.0668720839657846,-1.597196626060993,-0.5463481510283856,3.1428031284890108
Psespp17BHI18AC13,Pse,spp,17,Pse spp,0.5854533405499889,1.2335592378304518,0.1472494781595887,-0.3688964401779717,3.7567337684198625
Psespp17BHI18AC21,Pse,spp,17,Pse spp,1.0613674924573955,2.64751875535115,-2.7791997063262595,-0.10687259294044672,3.5777129926748943
Psespp17BHI18AC22,Pse,spp,17,Pse spp,1.53425190958337,2.535223040542064,-2.5208193486722887,-0.08941395562729472,2.797651404503198
Psespp17BHI18AC23,Pse,spp,17,Pse spp,1.3038040380530955,2.653742701781563,-2.612185584081472,-0.18264320710747772,3.0121882748944877
Psespp17BHI18AC31,Pse,spp,17,Pse spp,1.3316382658674064,2.6334068070487597,-2.2751334988251757,-0.208298505289307,3.126576450493975
Psespp17BHI18AC32,Pse,spp,17,Pse spp,1.0256377649500819,2.6252468760150753,-2.4561882790093184,-0.19826592835714915,3.185435711886007
Psespp17BHI18AC33,Pse,spp,17,Pse spp,1.0268929721001592,2.597541560795103,-2.5901732406566933,-0.14482377407860686,3.5040343759751003
Psespp32BHI18AC11,Pse,spp,32,Pse spp,0.6565684176016074,1.5018274962989338,-3.2843897469227374,-0.11647376411793146,1.8956649968203338
Psespp32BHI18AC12,Pse,spp,32,Pse spp,1.4843074982860076,1.323223692374725,-2.6643491812801834,0.22599482790303269,1.0737868710696388
Psespp32BHI18AC13,Pse,spp,32,Pse spp,1.1545124186751015,1.4647020869224199,-3.229519071460048,0.09756002974471971,1.2808485779049859
Psespp32BHI18AC21,Pse,spp,32,Pse spp,2.5640726955057938,5.494306701651297,-1.6573468693302023,-0.0754206676416499,0.10038754514140007
Psespp32BHI18AC22,Pse,spp,32,Pse spp,3.8470556753255027,5.964707782807163,-3.107561202897978,-3.797146382326172,-0.30580049483741967
Psespp32BHI18AC23,Pse,spp,32,Pse spp,1.532721323024243,3.5174312906769614,-0.9808900631860942,0.515177277748919,0.7716841913758328
Psespp32BHI18AC31,Pse,spp,32,Pse spp,0.05282665686648474,1.0618654543922375,-0.4811785884827569,0.17895751436850366,1.0072166754570422
Psespp32BHI18AC32,Pse,spp,32,Pse spp,0.3418117907853409,0.9250698920199277,-1.2262257762990298,0.34011390604145664,1.0681730916835197
Psespp32BHI18AC33,Pse,spp,32,Pse spp,0.9716602395287413,1.281723461129201,-3.137638146699132,0.0870956368935103,1.3264490482171971
Psespp34BHI18AC11,Pse,spp,34,Pse spp,0.6396136328156112,-3.752938124439455,3.2787494718903094,-1.007011825007031,-0.2943935583357429
Psespp34BHI18AC12,Pse,spp,34,Pse spp,0.6456275737116792,-3.9424111370861055,3.1427109737211225,-0.9555729462477582,-0.4314587364655485
Psespp34BHI18AC13,Pse,spp,34,Pse spp,1.638092961373204,-1.1972883213030943,0.7359152239704637,0.11487300082330094,0.563745662508977
Psespp34BHI18AC21,Pse,spp,34,Pse spp,1.2613478069625705,2.960743713743473,-2.368653408928068,0.9583933976574359,1.6496543281104754
Psespp34BHI18AC22,Pse,spp,34,Pse spp,1.3609792773557847,2.920815947545257,-2.321522061610825,0.9759326773131672,1.575596063878743
Psespp34BHI18AC23,Pse,spp,34,Pse spp,1.0543473962422685,1.9494543410818743,-1.1111830191559977,0.7239104077757219,1.5140344260152219
Psespp34BHI18AC31,Pse,spp,34,Pse spp,1.1564411777189878,2.9127793096882897,-2.500406444361183,1.0357530087234865,1.5889316971053842
Psespp34BHI18AC32,Pse,spp,34,Pse spp,1.2592946771970928,2.8747988971075937,-2.4512077806751478,1.055280930867231,1.5166649563495835
Psespp34BHI18AC33,Pse,spp,34,Pse spp,0.9833783736742607,1.9202680137883608,-1.2038914138588361,0.8229677015982443,1.4597679765310008
Psygla11BHI18AC11,Psy,gla,11,Psy gla,0.9110244192510876,0.7706417235820947,-0.5938551007348497,0.21250636410408782,1.3787200441027865
Psygla11BHI18AC12,Psy,gla,11,Psy gla,0.4246192264898185,0.021402379221716544,-0.09770777862268458,-0.047592576251714896,1.0294316598288638
Psygla11BHI18AC13,Psy,gla,11,Psy gla,0.056535251100163095,-1.160939655662099,1.6126248337870914,-0.13621100775253134,0.6629638092757183
Psygla11BHI18AC21,Psy,gla,11,Psy gla,1.1912246048183592,3.734621456731132,-1.4791812577942922,1.6501157032475384,2.1698171721914488
Psygla11BHI18AC22,Psy,gla,11,Psy gla,1.6972621686282903,4.548349837254018,-1.0288271589880449,2.267800738410924,3.90518488713624
Psygla11BHI18AC23,Psy,gla,11,Psy gla,1.0047283518601162,4.273292732562039,-4.227286448362224,1.2516909022794407,2.0781760949656296
Psygla11BHI18AC31,Psy,gla,11,Psy gla,0.6587909355535915,3.724992781906191,-3.4660874149647953,1.337701684484956,1.7828853774258449
Psygla11BHI18AC32,Psy,gla,11,Psy gla,1.0245221372827165,3.6026076198364168,-1.6594493652357183,1.7996904639596107,1.911747968230438
Psygla11BHI18AC33,Psy,gla,11,Psy gla,1.5270953490811339,4.317310064434277,0.0569622390608231,2.2396696922650956,4.293648581599391
Psyura25BHI18AC11,Psy,ura,25,Psy ura,3.1604728628182963,10.672306713413079,-4.658674054346423,6.99129422963052,-2.179677287802596
Psyura25BHI18AC11,Psy,ura,25,Psy ura,2.8693497145904105,3.77244009841759,-1.4705981929204244,-1.4750223482253615,2.1497874909575754
Psyura25BHI18AC12,Psy,ura,25,Psy ura,-0.34021838350688893,-1.8080602541767294,2.1849202761442523,-2.5380543035859606,2.199584415944287
Psyura25BHI18AC13,Psy,ura,25,Psy ura,1.4152364594258846,-0.19741753627428896,0.6915341363791088,-1.317193587418988,2.1337295400442584
Psyura25BHI18AC21,Psy,ura,25,Psy ura,0.678902499191688,4.774287651289794,-2.3663458497613266,1.3281184998727438,3.3311753002006306
Psyura25BHI18AC22,Psy,ura,25,Psy ura,0.8581440674672064,4.960419311183563,-1.4127839820364476,0.9467072677800714,3.2499169417636145
Psyura25BHI18AC23,Psy,ura,25,Psy ura,0.5861286362814063,4.365355091954302,-0.9289058286760721,0.9680332473857282,3.872164618000584
Psyura25BHI18AC31,Psy,ura,25,Psy ura,2.8537487340498386,7.996589082881532,-1.3849837667763276,5.074464361309968,0.6021769698124272
Psyura25BHI18AC32,Psy,ura,25,Psy ura,1.4869478267184428,4.660133855864192,-1.177335567959602,1.4415979950148747,2.9546679529273066
Psyura25BHI18AC33,Psy,ura,25,Psy ura,3.5528185567706405,12.338106968199584,-5.994692054412216,5.350620007733766,-2.3339914207826413
Psyura24BHI18AC11,Psy,ura,24,Psy ura,1.219884650504166,4.771613922973926,-3.865442650206609,0.6413314827803789,2.9954378435437
Psyura24BHI18AC12,Psy,ura,24,Psy ura,1.4922889991116663,4.499975828877711,-3.4117075879343135,0.8161177977425758,2.8761344487386915
Psyura24BHI18AC13,Psy,ura,24,Psy ura,0.36532296530425623,4.055064576455573,-3.0181248336565347,1.1100265070111306,2.8767864562390533
Psyura24BHI18AC21,Psy,ura,24,Psy ura,3.8065864053591887,7.231557818817575,-0.864267170602736,4.834218886732558,1.8535359092286738
Psyura24BHI18AC22,Psy,ura,24,Psy ura,3.895380952905398,8.114169765960044,-1.9006577149739938,5.682031629420901,0.7879992021501339
Psyura24BHI18AC23,Psy,ura,24,Psy ura,3.6079138548022924,6.777439777706749,-0.4142326767751286,3.9782442901699104,3.064454342100557
Psyura24BHI18AC31,Psy,ura,24,Psy ura,2.0872562318142065,5.112189054021981,-0.2383230987867844,1.7135582061072796,7.276928331406771
Psyura24BHI18AC32,Psy,ura,24,Psy ura,2.3172265973062105,5.297157311363566,0.3431060041199019,1.5137079871878532,7.20914820943438
Psyura24BHI18AC33,Psy,ura,24,Psy ura,1.021359443141478,4.6773046786020815,-3.5165337257732943,0.9066622784001802,3.348576356779087
Rhoery44BHI18AC11,Rho,ery,44,Rho ery,2.307434470732954,-0.14396183748076494,-0.2577860964551258,1.0680987039334906,0.19776907121678322
Rhoery44BHI18AC12,Rho,ery,44,Rho ery,3.346516895670275,-0.6691152490774844,-0.9139832823738341,0.7138939480053731,-0.4405392445985528
Rhoery44BHI18AC13,Rho,ery,44,Rho ery,3.427373668669665,-0.5020815599374789,-1.349258738745916,0.785192592349017,-0.2946080966232885
Rhoery44BHI18AC21,Rho,ery,44,Rho ery,2.559777509280799,-0.8116131978771671,-1.3355597516936106,-0.29682728543439624,-0.7460470988885404
Rhoery44BHI18AC22,Rho,ery,44,Rho ery,6.00033095692707,0.6327893973105961,-3.760701626857974,-3.4439174003687434,-1.7784254883945843
Rhoery44BHI18AC23,Rho,ery,44,Rho ery,3.068945689365889,0.32178941099776687,0.2523915530745726,0.8999552427393834,-0.32051835527635286
Rhoery44BHI18AC31,Rho,ery,44,Rho ery,1.9821176847912105,-1.0424859480792499,0.7701800934316636,0.6280686735461931,0.34550289144731217
Rhoery44BHI18AC32,Rho,ery,44,Rho ery,3.532749690408328,0.5803652150252833,-0.4743423152578232,-0.3774286953423214,-0.20507942885984357
Rhoery44BHI18AC33,Rho,ery,44,Rho ery,3.2513453825315066,-0.23353642074260356,0.18004008665408056,0.7320973870782645,-0.1413748618541052
Rhoery45BHI18AC11,Rho,ery,45,Rho ery,3.338509948030408,-0.7667196931299884,1.809417691160368,-0.8174981692923786,1.9270131452597306
Rhoery45BHI18AC12,Rho,ery,45,Rho ery,3.578464059339997,-0.31182668047566436,1.4370267148535707,-0.6198111394580894,2.047267832036277
Rhoery45BHI18AC13,Rho,ery,45,Rho ery,4.637612835418461,1.755507165849428,-0.3621303620756171,-0.40808049540484953,-1.2434745198651957
Rhoery45BHI18AC13,Rho,ery,45,Rho ery,3.809486002554499,-0.8097329010910912,1.859621230193338,-0.6052486527123216,1.8211064277485887
Rhoery45BHI18AC21,Rho,ery,45,Rho ery,3.8658096577058165,-0.2021586512891225,-0.5791627662887814,-0.14135507889641466,1.9828484795420056
Rhoery45BHI18AC22,Rho,ery,45,Rho ery,3.9047614902912424,-0.1998810241893087,-0.3502759310630676,-0.13940212363923976,1.777238803812968
Rhoery45BHI18AC23,Rho,ery,45,Rho ery,4.569305370807853,1.6481733496514899,-0.3277880874842129,-0.20047296539062967,-0.5990791348436308
Rhoery45BHI18AC24,Rho,ery,45,Rho ery,3.5632711367290586,-0.07874394224042736,-0.3317143981270881,-0.28637917670066254,1.7538717438398295
Rhoery45BHI18AC31,Rho,ery,45,Rho ery,3.5166443594835592,3.903143544141209,1.113362550420957,4.576486099827498,-2.101828192981811
Rhoery45BHI18AC31,Rho,ery,45,Rho ery,3.809646945136819,-0.21070769514646395,-0.7098471142293336,-0.029835060898949536,1.9426037569330412
Rhoery45BHI18AC32,Rho,ery,45,Rho ery,1.7582124040121265,-4.553284930962062,-0.4804965262226575,-1.0126570078998467,-1.3061953908537265
Rhoery45BHI18AC32,Rho,ery,45,Rho ery,3.8587079432753093,-0.2032558801825662,-0.473325228201709,-0.023346637951724137,1.7411363066336434
Rhoery45BHI18AC33,Rho,ery,45,Rho ery,-2.2240230686986475,-8.10756696333249,-1.851609769763578,0.07539939275881595,-1.0123743864308192
Rhoery45BHI18AC33,Rho,ery,45,Rho ery,3.483379955763013,-0.09685817298103115,-0.48901502239115924,-0.19180557263517764,1.6979272344211003
Rhoyun03BHI18AC11,Rho,yun,3,Rho yun,7.050858120437378,-3.1304306358715035,-1.2468914919131808,-0.4619142363037772,-3.209718625277663
Rhoyun03BHI18AC12,Rho,yun,3,Rho yun,6.350438208411581,-3.9358951109857694,-0.9880299815172741,-0.573836697836069,-2.7323981282724255
Rhoyun03BHI18AC13,Rho,yun,3,Rho yun,-0.10392063900545581,-6.686787004906047,5.558640592190627,-2.4041795320590547,0.28786262286759967
Rhoyun03BHI18AC21,Rho,yun,3,Rho yun,3.1929446749666415,-2.266213119425458,2.7873373340914416,0.8026744182764679,0.5112788130156498
Rhoyun03BHI18AC22,Rho,yun,3,Rho yun,4.643179644138893,-1.8391514864099343,1.934365848658466,1.5808149553542772,-0.22873211302753255
Rhoyun03BHI18AC23,Rho,yun,3,Rho yun,3.552263283981768,-2.6214496826147498,2.374826832834403,0.9749590026911934,0.13225186880958506
Rhoyun03BHI18AC31,Rho,yun,3,Rho yun,4.265168855918299,-2.4803828204568195,0.6989102093423223,0.6706435453535313,-1.2384689836397411
Rhoyun03BHI18AC32,Rho,yun,3,Rho yun,-0.2817803474228468,-5.153521972494946,3.2299717212779737,-0.28332938602226054,0.16302800194698774
Rhoyun03BHI18AC33,Rho,yun,3,Rho yun,2.3269221561790965,-3.6746545680890446,2.643666298524122,0.09921783148411178,-0.3377480866843462
Rhoyun28BHI18AC11,Rho,yun,28,Rho yun,2.0287712853532143,-3.660576660785687,6.645845799959999,2.221478003166099,-2.5128083851172334
Rhoyun28BHI18AC12,Rho,yun,28,Rho yun,3.171979354299044,-1.096350471573937,4.530215356033263,5.2762595328824995,-6.830981080348887
Rhoyun28BHI18AC13,Rho,yun,28,Rho yun,2.554074188814029,-1.5134362533679506,4.793015381320402,4.738338227106149,-6.2647974090358645
Rhoyun28BHI18AC21,Rho,yun,28,Rho yun,3.5879830581569725,-1.1581056226040478,4.94896875816399,2.0962884009473752,0.026295794336473475
Rhoyun28BHI18AC22,Rho,yun,28,Rho yun,4.035611148771626,-0.35595927279894957,4.246112411198839,2.512342801131129,-1.6014153811049145
Rhoyun28BHI18AC31,Rho,yun,28,Rho yun,1.9368455806619969,-4.438376868010903,2.2960960604025535,0.3690719886051962,-2.3531543313072922
Rhoyun28BHI18AC32,Rho,yun,28,Rho yun,1.1075302444419173,-4.524928538254683,3.2423972917888872,0.5333626445277819,-2.167400492271235
Rhoyun28BHI18AC33,Rho,yun,28,Rho yun,1.0823200500106003,-4.412952846899028,4.162134164032598,0.5680489578198367,-2.3201726057206606
Leirub16BHI18AC11,Lei,rub,16,Lei rub,2.030013191033704,1.4780009497169264,-0.38803635585725615,0.40300212330996615,1.3225357197505543
Leirub16BHI18AC12,Lei,rub,16,Lei rub,2.6900924743819976,1.3077035168518258,-0.4960018132772915,0.5433774756181639,0.9725549012547788
Leirub16BHI18AC13,Lei,rub,16,Lei rub,2.5623176160059753,1.640861273552611,-0.7210975581878353,0.553534733144693,1.20778491339958
Leirub16BHI18AC21,Lei,rub,16,Lei rub,1.8993419150853217,2.3111395789174867,-0.9462186744351216,0.7431269240464746,1.6391132083861617
Leirub16BHI18AC23,Lei,rub,16,Lei rub,2.386357573862797,0.8946679279454398,-0.01752976078643188,0.27815398299202965,1.1261118377496664
Leirub16BHI18AC31,Lei,rub,16,Lei rub,2.4684606497740846,2.329799920945681,-1.2092139234639123,0.7571024117111614,1.522851286567459
Leirub16BHI18AC32,Lei,rub,16,Lei rub,2.3858232174316347,2.303470162527203,-1.1496516623148678,0.7267998423495615,1.5364583423049933
Leirub16BHI18AC33,Lei,rub,16,Lei rub,2.3763907211879083,2.177098741200834,-1.0236682979256004,0.7005934698944989,1.4569069667347414
Leirub30BHI18AC11,Sal,spp,30,Sal spp,-0.22480965111779047,-1.4749642344792289,1.5684188479558177,-0.2934033918459964,0.14342077018466667
Leirub30BHI18AC12,Sal,spp,30,Sal spp,0.7870187574447619,-0.44588996741313314,0.7587062502405441,0.4328078179525685,-0.12402978238111316
Leirub30BHI18AC13,Sal,spp,30,Sal spp,0.9119434241866166,-0.6856883199076821,1.0136998370620183,0.2331866707315533,0.11936965942453472
Salspp30BHI18AC21,Sal,spp,30,Sal spp,-0.7038192716424996,-3.7244809943544213,3.34971855198146,-0.9148713833899409,-0.25181067230676063
Salspp30BHI18AC21,Sal,spp,30,Sal spp,1.4892161735561946,3.206723404823244,3.136439109422631,1.2542878048380641,4.733175411530947
Salspp30BHI18AC22,Sal,spp,30,Sal spp,1.0016607467452094,2.485040881088869,0.9382111808591742,2.2991979404045533,3.519488656485925
Salspp30BHI18AC23,Sal,spp,30,Sal spp,0.24402810035216174,2.4555372970895095,-0.14198803834045523,1.2169213762562388,1.0574384922207662
Salspp30BHI18AC31,Sal,spp,30,Sal spp,0.2568880934362064,-1.0622504874140888,1.3911546553439968,0.056243610241445044,0.16449581786022374
Salspp30BHI18AC31,Sal,spp,30,Sal spp,1.3986498451235116,3.1737953222908866,3.02917472919649,1.3327880110640862,4.638582017450661
Salspp30BHI18AC32,Sal,spp,30,Sal spp,0.5229614143242132,-0.5094065037775843,0.9486928926441882,0.3958152622843129,0.07489763894650119
Salspp30BHI18AC32,Sal,spp,30,Sal spp,0.8964379466236775,2.4399800370157823,0.8343955757757517,2.3814286118707426,3.464509138969064
Salspp30BHI18AC33,Sal,spp,30,Sal spp,0.15504534057776315,-1.0142262343398933,1.5924486831728755,-0.12637439971472522,-0.13295164435044013
Salspp30BHI18AC33,Sal,spp,30,Sal spp,0.11292709556989854,2.3996116917012498,-0.2861286755129739,1.269697345900135,0.9622199293693117
Artspp29BHI18BC11,Art,spp,29,Art spp,1.322596134555255,0.17647321804438643,2.684867476909423,-0.7421009396568178,1.409788893381386
Artspp29BHI18BC12,Art,spp,29,Art spp,1.1999791992343989,0.19520174238649687,2.7107336560261457,-0.7990966417780806,1.325128601208136
Artspp29BHI18BC13,Art,spp,29,Art spp,1.2850852870445537,0.1669220001481402,2.701640970718831,-0.7600159291275398,1.2756130368990604
Artspp29BHI18BC21,Art,spp,29,Art spp,-30.764544090773033,-0.9067800734525447,-1.6105412101447238,0.6280481822242647,-2.120392904905542
Artspp29BHI18BC22,Art,spp,29,Art spp,-25.993052097702872,-5.378269889068115,-2.7311372731609507,3.39840285878304,-1.880351473741891
Artspp29BHI18BC23,Art,spp,29,Art spp,-4.756533000833612,-8.737023594385416,-1.8911883888193202,1.2207317368909372,-1.2293727961062408
Artspp29BHI18BC31,Art,spp,29,Art spp,0.6298564148233895,-1.3181264533090782,2.3574260704302277,0.06348143501516072,-0.840366457944514
Artspp29BHI18BC32,Art,spp,29,Art spp,0.39504343774177125,-1.5335939925998139,2.955910632000486,0.5385855350025804,-0.7545449827677123
Artspp29BHI18BC33,Art,spp,29,Art spp,0.4993777802494876,-1.3678084622911078,2.6581156572152804,0.11899367127761099,-0.9187897075935856
Atrspp31BHI18BC11,Art,spp,31,Art spp,0.34567653590253195,-0.5791251456768417,2.3866034063235637,-0.23379646207396307,-0.5716701563312968
Atrspp31BHI18BC12,Art,spp,31,Art spp,-0.2638079558778209,-0.5852536525526714,2.161313377637152,-0.45657571452481127,-0.1934807319516809
Atrspp31BHI18BC13,Art,spp,31,Art spp,-1.017944316002635,-0.6622665449981635,3.8441476893029978,0.04590679104766072,0.5128302138668351
Atrspp31BHI18BC21,Art,spp,31,Art spp,-13.897881128322844,-15.226748166264443,-5.466470068132704,6.275731516023524,-1.3106580290673686
Atrspp31BHI18BC22,Art,spp,31,Art spp,-23.620120476161073,-8.992639263368025,-3.3155533858730175,4.737346670513923,-1.0776407238720997
Atrspp31BHI18BC23,Art,spp,31,Art spp,-22.518558506610166,-9.530515561904203,-3.0298531522500114,4.99027340883291,-1.1018526139272324
Atrspp31BHI18BC31,Art,spp,31,Art spp,-3.883334267242147,-6.359123955538462,0.8971735126561728,-0.7342843764128334,-1.7998315395190685
Atrspp31BHI18BC32,Art,spp,31,Art spp,-12.95405397571667,-3.822726210256709,1.9824511749124902,-2.2353495317641494,-1.3236521322149797
Atrspp31BHI18BC33,Art,spp,31,Art spp,-10.543944127081025,-4.747171762582672,2.3276705330603082,-2.133650714029022,-1.2293818986908724
Artcry09BHI18BC11,Art,cry,9,Art cry,0.9734735910316797,-0.21402460514906763,1.3090771462835933,0.04810848213503525,0.5283735844446232
Artcry09BHI18BC12,Art,cry,9,Art cry,1.4133446785292902,1.461329258863933,0.09775993645068705,0.925680687991028,0.6417061276059219
Artcry09BHI18BC13,Art,cry,9,Art cry,1.7370180973436031,1.6272423987909306,-0.1430014027643107,1.0143290285711422,0.5144604829806259
Artcry09BHI18BC21,Art,cry,9,Art cry,0.33606072488184857,0.842478291359095,0.9160251848865741,1.8428509388623118,0.5151270365308634
Artcry09BHI18BC22,Art,cry,9,Art cry,0.34882395361059687,0.783619946573352,0.6548467253897848,1.6779978996147624,0.45425164076397834
Artcry09BHI18BC23,Art,cry,9,Art cry,0.3066677492125973,0.8162532481898311,0.6313345078333521,1.6723995094664363,0.5183776809270136
Artcry09BHI18BC31,Art,cry,9,Art cry,1.1132595067088822,-0.4374812556758723,-1.318343908410593,0.280820320465159,-1.2124630303043018
Artcry09BHI18BC32,Art,cry,9,Art cry,-1.5294493847808879,-3.4775361086216434,1.1915108725794656,-1.6406937579489813,-1.0765344692166565
Artcry09BHI18BC33,Art,cry,9,Art cry,-1.9820219596297215,-5.67703839667459,-0.3538685622671964,-0.8778276989490117,-1.2750604989414966
Artory26BHI18BC11,Art,ory,26,Art ory,-0.5529530829634702,-1.5116720049044747,1.631693294848924,0.04488934599175785,-1.5772193397492127
Artory26BHI18BC12,Art,ory,26,Art ory,-0.40298791965933056,-1.5808086900857865,1.8466516531246722,0.09069802608631271,-1.7014690007881108
Artory26BHI18BC13,Art,ory,26,Art ory,-0.30760752834253635,-1.7912259409188886,2.4582521206903594,0.11317670431872397,-1.8976335836499358
Artory26BHI18BC21,Art,ory,26,Art ory,5.422367926557801,2.355778611314054,2.001026749256317,-4.559785049410768,-10.678108596218923
Artory26BHI18BC22,Art,ory,26,Art ory,1.2978774512837894,-2.556295223143981,7.671898472192899,2.781507394251975,-4.1172622082631625
Artory26BHI18BC23,Art,ory,26,Art ory,6.665859073413649,-8.131824205222657,0.9098362747213455,-9.95929669778682,-6.467943783710998
Artory26BHI18BC31,Art,ory,26,Art ory,-0.557347935833117,-4.313714825966347,7.2264806884194135,0.26345599689751004,-5.133240757728008
Artory26BHI18BC32,Art,ory,26,Art ory,-0.1620100312162621,-4.088425430404954,7.956038005290802,1.1096188463228374,-0.5898353253766943
Artory26BHI18BC33,Art,ory,26,Art ory,0.03327770792416873,-4.2175244885347265,7.209837091846343,0.5343611353392032,-3.3872323671953155
Artspp06BHI18BC11,Art,spp,6,Art spp,2.7010685333353486,-0.29064885447368954,2.4498938733880316,-1.1688057106181262,1.5816184567002187
Artspp06BHI18BC12,Art,spp,6,Art spp,1.828458598095958,-2.974304061293619,4.9321273362262215,-1.9849477025976503,0.4071279087019107
Artspp06BHI18BC13,Art,spp,6,Art spp,2.5439832022390076,-1.4431824132019035,3.43215826290954,-1.450389768761258,0.91741127198608
Artspp06BHI18BC21,Art,spp,6,Art spp,9.411536403925927,-1.5364706718714842,-1.342369426667782,-8.64045378013488,-3.6012626388223055
Artspp06BHI18BC22,Art,spp,6,Art spp,6.279487251952135,-11.09824062599114,-3.5656366267036828,-6.1352678558910405,-1.755524875769222
Artspp06BHI18BC23,Art,spp,6,Art spp,6.906223929100305,-12.261711580560076,-4.066422684156247,-6.102333316393603,-1.676575544548492
Artspp06BHI18BC31,Art,spp,6,Art spp,1.1459232396934373,-1.1986955339253507,5.782549731717225,0.12895664394986814,-0.022628251226085434
Artspp06BHI18BC32,Art,spp,6,Art spp,1.6517372974686761,-0.9005561354249936,6.073132990617682,0.5323053280030691,0.7577827552871224
Artspp06BHI18BC33,Art,spp,6,Art spp,2.078162728757921,-0.34602642098612857,5.986399853326367,1.3997446570591163,1.3784249323763174
Artspp07BHI18BC11,Art,spp,7,Art spp,2.1263566069492086,-0.6547712551259003,3.138822215790642,-1.2631537721839576,1.3507475474484403
Artspp07BHI18BC12,Art,spp,7,Art spp,1.9974820048591686,-0.12487145558637562,2.855654611770816,-1.1076363781779788,1.6334474803133563
Artspp07BHI18BC13,Art,spp,7,Art spp,2.261639786050803,-0.4133355022237745,2.890399387510969,-1.1693890420515092,1.3943071889270453
Artspp07BHI18BC21,Art,spp,7,Art spp,-11.279376877523212,-10.141220140244366,-2.2411771071344537,2.4889045384223274,-2.023793443018226
Artspp07BHI18BC22,Art,spp,7,Art spp,-1.4649845997355064,-5.831959845169142,6.431968200348683,-2.2901266292503473,-1.19796882902717
Artspp07BHI18BC23,Art,spp,7,Art spp,0.25746328468214463,-4.042626950808186,5.033136750871006,-1.214583126499722,-1.3992769378952319
Artspp07BHI18BC31,Art,spp,7,Art spp,5.668713947602016,4.048734064563799,1.766679021321599,-0.6486966014838124,-6.139114694795469
Artspp07BHI18BC32,Art,spp,7,Art spp,5.959530147703945,6.052690000767402,0.15053340485122227,-0.2721884305121256,-7.9378552065914745
Artspp07BHI18BC33,Art,spp,7,Art spp,4.044081210974788,5.019445241004901,1.80263519357518,6.414184935796942,-7.707559236086935
Artspp08BHI18BC11,Art,spp,8,Art spp,1.9112846397021677,-1.8284280510341215,4.2168006597125895,-2.0498830320052637,1.1572645301306208
Artspp08BHI18BC12,Art,spp,8,Art spp,2.136160337207432,-2.6186334977913734,4.8766974945245,-2.08310909440503,0.5441665110393202
Artspp08BHI18BC13,Art,spp,8,Art spp,2.2504848676917186,-2.647865923279378,4.8978182713136995,-1.998060047132944,0.46561075336600116
Artspp08BHI18BC31,Art,spp,8,Art spp,1.3121330337676949,-0.692091282474003,1.7473784146366926,0.13663914614213774,-0.7807582284348348
Artspp08BHI18BC32,Art,spp,8,Art spp,0.990129713762534,-0.44570018145549756,4.057430422332963,0.4460917818961913,-1.4682440264623249
Artspp08BHI18BC33,Art,spp,8,Art spp,1.3029822706805305,-0.8288409332880058,2.464768665631807,0.47299204482357193,-0.5077250443271927
Artspp08BHI18BC21,Art,spp,8,Art spp,0.6601530877856594,-0.969056918661773,2.6981766258984505,0.6996021503728526,-1.502340227450825
Artspp08BHI18BC22,Art,spp,8,Art spp,-0.3804579619179323,-3.1136901687655527,2.4986791589525783,-0.4494750130712331,-2.638105274948761
Artspp08BHI18BC23,Art,spp,8,Art spp,4.518223839685166,-0.9800868597865632,-1.0446726278169238,-6.373586250790984,-3.969272003786
Artspp10BHI18BC11,Art,spp,10,Art spp,2.445694276554699,-2.0825745581852453,4.247234269419959,-1.4310938570187781,0.16171174366377938
Artspp10BHI18BC12,Art,spp,10,Art spp,2.0142938908554804,-2.673011451401931,4.882677206248584,-1.7577622097463796,0.12735664427802484
Artspp10BHI18BC13,Art,spp,10,Art spp,2.3274670164886477,-2.46217537973201,4.637630151827785,-1.5939598388599656,0.06520675320217391
Artspp10BHI18BC31,Art,spp,10,Art spp,5.253388652748643,6.053443700115834,1.3608464579970028,1.2561766128453613,-9.617362017546132
Artspp10BHI18BC32,Art,spp,10,Art spp,0.9071108490680989,-4.174695499462651,6.339400560574071,0.08126079815611889,-2.560913723218936
Artspp10BHI18BC33,Art,spp,10,Art spp,2.702434535607465,-1.5835186389385965,6.134010922812674,1.9097370116832528,-3.627189671641387
Artspp10BHI18BC21,Art,spp,10,Art spp,2.617825590426195,-0.08436132733974464,1.6140636081955542,1.5990260191374572,-2.8504395758605687
Artspp10BHI18BC22,Art,spp,10,Art spp,2.447693112867478,-0.5080630124279644,1.1928322756537275,0.8692133311676182,-3.5731422273569864
Artspp10BHI18BC23,Art,spp,10,Art spp,1.4506322471604054,-1.3142988369318522,1.0356626752386422,0.7553011166066638,-3.6613049155111637
Artspp37BHI18BC21,Art,spp,37,Art spp,-25.505673513465972,-5.0032096151161,-1.940860833817633,2.374902776627647,-1.7092640676188646
Artspp37BHI18BC22,Art,spp,37,Art spp,-30.20954828212048,0.051361888508196625,-0.49428803565660856,-0.8119124719434073,-2.022312345484174
Artspp37BHI18BC23,Art,spp,37,Art spp,-31.655831503694284,1.383397765384814,-0.2559581540999867,-1.7220701377363714,-2.2113840124630855
Artspp37BHI18BC31,Art,spp,37,Art spp,1.0158688179865825,-1.5444247834649323,2.7169281856103376,-0.3083527876617603,-1.325911450008485
Artspp37BHI18BC32,Art,spp,37,Art spp,1.0019286869174693,-1.5359819752555284,2.8216558117243378,-0.34429089141478764,-1.4841295897498843
Artspp37BHI18BC33,Art,spp,37,Art spp,1.0914341292765628,-1.5554741579848739,2.904088577831656,-0.31725877541266345,-1.6200438015832486
Artspp37BHI18BC11,Art,spp,37,Art spp,0.5535219780022187,-1.1529913871132622,1.9714306731602664,0.36409544086519813,-1.6286357802176412
Artspp37BHI18BC12,Art,spp,37,Art spp,0.6116988014722623,-1.9198492211017875,1.063862324508797,-0.42810570025997646,-1.8288612264336823
Artspp37BHI18BC13,Art,spp,37,Art spp,-0.06476556567173855,-1.7921678196433684,1.8739064704791377,-0.43755082200588935,-1.1340937000491758
Cryarc01BHI18BC11,Cry,arc,1,Cry arc,2.877997545312066,5.307060498059959,-0.14934295349382012,1.131415650863007,-0.496471781589226
Cryarc01BHI18BC12,Cry,arc,1,Cry arc,4.963474927682746,5.676784963807911,-3.562414519905379,-1.9998851956718164,-2.834938573098268
Cryarc01BHI18BC13,Cry,arc,1,Cry arc,5.5172855365228015,-14.056293414606813,-10.832314787429494,-3.9550786599435965,-0.6349401293135669
Cryarc01BHI18BC21,Cry,arc,1,Cry arc,2.322047340268155,1.055594123653221,4.0301139349587825,2.896735856741241,0.32313801770268147
Cryarc01BHI18BC22,Cry,arc,1,Cry arc,2.1965783811419035,1.187758578891848,4.172317757715402,2.8562980154388344,0.4983986399215934
Cryarc01BHI18BC23,Cry,arc,1,Cry arc,2.3876354492850784,2.069778853683413,1.8811570783999925,4.048096543478943,-1.7948196116817015
Cryarc01BHI18BC31,Cry,arc,1,Cry arc,4.562818645798216,10.814446106114772,-3.9751520701471965,1.9631227006034226,-7.360469947663529
Cryarc01BHI18BC32,Cry,arc,1,Cry arc,1.497791888932163,-0.8254396297614057,1.588463415916926,0.6701614671984144,-0.9813325133532993
Cryarc01BHI18BC33,Cry,arc,1,Cry arc,1.0753019079064743,-0.2610912030466349,1.0223106720367323,0.9502538224515642,-0.7110934817469587
Crysol02BHI18BC11,Cry,sol,2,Cry sol,0.7638469878279351,0.3185899573974296,-0.28893663332208175,0.9192531533912054,-0.8575886375431553
Crysol02BHI18BC12,Cry,sol,2,Cry sol,1.1311942592923065,0.757578572413419,-0.6260855625733179,1.071654464057799,-0.7573774925080905
Crysol02BHI18BC13,Cry,sol,2,Cry sol,0.9021753799391814,0.6786251222519757,-0.6031505336671126,1.0013150795907986,-0.7937051072090017
Crysol02BHI18BC21,Cry,sol,2,Cry sol,10.426682368609615,-3.7975798169609165,-6.104066083861241,-10.02780374523651,-2.873143090016553
Crysol02BHI18BC22,Cry,sol,2,Cry sol,1.6026122005881254,-0.4789528907644783,0.77907518907871,0.8540170212369078,-0.9668389172721208
Crysol02BHI18BC23,Cry,sol,2,Cry sol,1.8246262769349073,0.14074458129898826,0.5590467265505105,0.9786027220856037,-0.8540665094573434
Crysol02BHI18BC31,Cry,sol,2,Cry sol,3.531087663109826,6.042747972843962,-0.2617005076783573,4.966711398497322,-3.6954697462038277
Crysol02BHI18BC32,Cry,sol,2,Cry sol,3.2259003065248315,0.7905786690018746,0.7777154255783467,0.4644240689557521,-0.876029535077884
Crysol02BHI18BC33,Cry,sol,2,Cry sol,1.298923896170848,-0.07080171728754969,0.8905895263630085,0.6960769075698824,-0.40214507306945907
Crysol39BHI18BC11,Cry,sol,39,Cry sol,-1.1750810891149548,-2.651332964015877,2.856246806815673,-0.8852027087321473,-0.3724270971827973
Crysol39BHI18BC12,Cry,sol,39,Cry sol,0.06403893189811519,-3.251963162860034,3.0277832760152608,-0.5111744988728262,-1.159737550953584
Crysol39BHI18BC13,Cry,sol,39,Cry sol,-0.9286340370045384,-3.8634031279498195,3.8141350950057076,-0.9368346708117845,-0.808934059260926
Crysol39BHI18BC21,Cry,sol,39,Cry sol,-4.581215740149593,-2.343205233851913,2.4721651906763067,-0.9547343015460669,-0.6561779825381558
Crysol39BHI18BC22,Cry,sol,39,Cry sol,-22.816015933982467,4.294516855659257,1.3632054455223352,-4.190187665187704,-1.0592007079495103
Crysol39BHI18BC23,Cry,sol,39,Cry sol,-4.868066672838003,-2.646045041118208,3.049598791550576,-0.5897246599607668,-1.252506562878487
Crysol39BHI18BC31,Cry,sol,39,Cry sol,-0.7224312456289006,-4.538546480659856,4.776070924558347,-0.8721890970287778,-1.2995163722236343
Crysol39BHI18BC32,Cry,sol,39,Cry sol,-0.05156674355364243,-2.0773666057759748,2.7202261938246726,-0.10469657984870459,-0.7805824532132235
Crysol39BHI18BC33,Cry,sol,39,Cry sol,0.5287649002166176,-0.32023839245825836,1.6011996298561606,0.5451131408838873,-0.3789682686763747
Crysol40BHI18BC11,Cry,sol,40,Cry sol,0.26674314251439707,1.3813068355869786,0.9025934464475908,1.025798666011953,0.008611664675243802
Crysol40BHI18BC12,Cry,sol,40,Cry sol,-0.0893080548764559,1.3874055187052818,1.9436117913300972,2.017088295457156,2.6202366211459607
Crysol40BHI18BC13,Cry,sol,40,Cry sol,0.29791878581349873,1.9073534265300096,2.845053808760954,1.7462850634832132,3.5754299958220845
Crysol40BHI18BC31,Cry,sol,40,Cry sol,-0.2589280439625324,0.549063299994407,0.5784032075623903,1.7211928721169203,-0.35368439713706695
Crysol40BHI18BC32,Cry,sol,40,Cry sol,-0.09726712931032576,0.39975758153431434,1.1768744847655888,1.3228780276131782,-0.4830816632262393
Crysol40BHI18BC33,Cry,sol,40,Cry sol,-0.008660088569931128,0.5174115897865108,0.28150871664787,1.2480644952027795,-0.5393788164938341
Crysol40BHI18BC21,Cry,sol,40,Cry sol,8.590839894424064,-15.24967156857226,-11.130658306128575,-6.195100426648155,-2.806323104248477
Crysol40BHI18BC22,Cry,sol,40,Cry sol,9.941657390703595,-5.20343152708809,-8.184440577942237,-13.548318870660612,-3.6470317452834484
Crysol40BHI18BC23,Cry,sol,40,Cry sol,7.231748900113454,6.571993918941113,-6.989121008347282,-14.16688061155568,-5.950350260205846
Crysol41BHI18BC11,Cry,sol,41,Cry sol,0.18761639716727038,1.17587838566107,-1.547025672330214,0.8287144713627914,-0.7837606014432505
Crysol41BHI18BC12,Cry,sol,41,Cry sol,-0.01390239476739257,0.832111629408981,-1.2210002213220235,0.9760213524904859,-0.8030160195390695
Crysol41BHI18BC13,Cry,sol,41,Cry sol,0.41991509438297453,0.9492290339277726,-1.0903692778101672,0.9508150424395115,-0.8717385532640688
Crysol41BHI18BC21,Cry,sol,41,Cry sol,-5.159330501879868,-17.3274880269667,-9.38608401225926,4.701149476069575,-0.6075568028062894
Crysol41BHI18BC22,Cry,sol,41,Cry sol,0.21910566978651314,-0.23138540859692222,0.7264867689394919,0.20616384603527305,-0.11978635110768987
Crysol41BHI18BC23,Cry,sol,41,Cry sol,1.7982138803554006,1.6303334388156003,1.6334834157764095,1.0331688774998193,-0.14394747228840918
Crysol41BHI18BC31,Cry,sol,41,Cry sol,0.8879813370473794,0.021206901603319516,0.7583854681842533,0.40854037572806745,0.07193341591654587
Crysol41BHI18BC32,Cry,sol,41,Cry sol,0.8709180789687805,-0.3459359472678532,1.643454074277285,0.5097737530131515,-0.03966655249047069
Crysol41BHI18BC33,Cry,sol,41,Cry sol,0.6186054850662239,0.5903805971366118,1.5474231200315418,1.0437132403392644,0.6581654649148828
Crysol43BHI18BC11,Cry,sol,43,Cry sol,0.23505066418969559,1.336226981386932,-1.7040656127724774,0.7993972410704464,-0.39758888500084905
Crysol43BHI18BC12,Cry,sol,43,Cry sol,0.9666926143645835,2.5458840191402747,3.279713763912015,2.081015236324598,2.852225170179484
Crysol43BHI18BC13,Cry,sol,43,Cry sol,0.2238198968849542,1.2813908852482128,-1.901408232420366,0.8131750453562879,-0.2107910615256835
Crysol43BHI18BC21,Cry,sol,43,Cry sol,0.008496799422703443,-0.9825475764132267,2.196882685507451,0.29634287790053315,-0.45477662362943433
Crysol43BHI18BC22,Cry,sol,43,Cry sol,-0.15431315321940917,-2.6235597804120223,2.9584885201220708,-0.3841981448394794,-0.7322184638546049
Crysol43BHI18BC23,Cry,sol,43,Cry sol,2.5292550527100888,-0.028891620786240153,0.801815532288247,0.009417016005575991,-1.18903958716244
Crysol43BHI18BC31,Cry,sol,43,Cry sol,0.7313135245931596,0.8251633258163635,1.0458421492262304,0.8380546219611346,0.3051605204440362
Crysol43BHI18BC32,Cry,sol,43,Cry sol,1.854217981684847,-1.3318511757080027,1.2523368444392673,-0.4405638948140933,-0.3961269113192686
Crysol43BHI18BC33,Cry,sol,43,Cry sol,0.9881129878937001,0.45491793996655383,1.2959926800834898,0.8803425977953483,0.045694672835343536
Leiant13BHI18BC11,Lei,ant,13,Lei ant,0.3248680313717141,1.5429871052957362,-1.182010043298311,0.05554949940528363,1.1998371508480068
Leiant13BHI18BC12,Lei,ant,13,Lei ant,0.27411436518147086,1.530335651714632,-1.220176460465848,0.09454303652903068,1.3396298228873427
Leiant13BHI18BC13,Lei,ant,13,Lei ant,0.26331519348921234,1.5035454463099063,-1.3006084976895036,0.2763042857231197,1.61374608825252
Leiant13BHI18BC21,Lei,ant,13,Lei ant,3.0596299588357647,-0.20851023446569986,8.817399368681576,-1.0947540889086878,3.214690362090528
Leiant13BHI18BC22,Lei,ant,13,Lei ant,2.138733627022261,-2.042351309568798,9.134831361330383,-2.2853610681197813,6.603677774608734
Leiant13BHI18BC23,Lei,ant,13,Lei ant,3.325078823895646,0.1614039985432892,8.325309484145874,-0.06339453215800506,2.4195158009327926
Leiant13BHI18BC31,Lei,ant,13,Lei ant,1.3778483600103604,-3.6667103036030153,8.389497880707461,-4.486129898766766,1.1579557176375892
Leiant13BHI18BC32,Lei,ant,13,Lei ant,1.5892116507762124,-3.704312336110193,8.320610918511806,-4.042163209406901,1.3352100095085502
Leiant13BHI18BC33,Lei,ant,13,Lei ant,1.7178319094230459,-3.9059032776203657,8.165613201279278,-3.2667403814051963,2.2546240805255193
Leiant14BHI18BC11,Lei,ant,14,Lei ant,0.22627790764461125,-3.072393349049836,4.967889266149455,-2.127749052954704,0.9134297533280124
Leiant14BHI18BC12,Lei,ant,14,Lei ant,0.37875208326895576,-3.067722188634148,4.990376778642477,-2.081016767028925,0.9467180193051021
Leiant14BHI18BC13,Lei,ant,14,Lei ant,0.029592154624054727,-3.0576317875441315,4.849810829403408,-2.155433817811516,0.814211810496829
Leiant14BHI18BC21,Lei,ant,14,Lei ant,8.895214415352916,-14.11768360803595,-4.163925220751373,-9.892842245027433,-1.9294958341918078
Leiant14BHI18BC22,Lei,ant,14,Lei ant,9.758094608943553,-12.828214357113616,-3.6419375386235617,-13.168274077985654,-1.8986036120357734
Leiant14BHI18BC23,Lei,ant,14,Lei ant,6.15285200640106,6.869192097438322,0.06990627987944933,-10.994482883743446,-6.357889794911831
Leiant14BHI18BC31,Lei,ant,14,Lei ant,4.464818490147542,10.627445335144865,-0.6533006415011228,-0.94963579298868,-8.03431999051761
Leiant14BHI18BC32,Lei,ant,14,Lei ant,2.912770951205737,3.0813277085830855,2.9720719430820357,7.324076715677148,-6.195884271761826
Leiant14BHI18BC33,Lei,ant,14,Lei ant,2.70908196434534,2.3766637249482705,3.243113482163403,7.715412554256719,-6.048123480128692
Leiant19BHI18BC11,Lei,ant,19,Lei ant,0.13529877253962566,1.6867569232296342,-1.1967269596081838,0.13969749568918718,1.7800944660872415
Leiant19BHI18BC12,Lei,ant,19,Lei ant,0.33409765783412904,1.8418012091763862,-1.453104096485856,-0.018773787828312894,1.7350220118236492
Leiant19BHI18BC13,Lei,ant,19,Lei ant,0.6039758462740785,1.6848946695092408,-1.0841055134675275,0.031651525315774164,1.2427964490626056
Leiant19BHI18BC21,Lei,ant,19,Lei ant,3.8086522593058802,2.385758676138114,5.428671694085448,2.375669817278199,-4.599689464480842
Leiant19BHI18BC22,Lei,ant,19,Lei ant,3.794400201317415,4.513922639844868,3.0458263625429116,5.1105794715107224,-7.306765576456324
Leiant19BHI18BC23,Lei,ant,19,Lei ant,-0.5582572102907228,-6.465538345589794,3.3146652095416647,-0.19994052469126797,-2.6587713656523904
Leiant19BHI18BC31,Lei,ant,19,Lei ant,1.0994041537245445,-4.099113833279037,9.310544632978706,-1.84335211920753,3.167495167716593
Leiant19BHI18BC32,Lei,ant,19,Lei ant,0.9971864455167658,-3.749469935320577,9.843010202197572,-2.387823147275826,5.052677775513747
Leiant19BHI18BC33,Lei,ant,19,Lei ant,2.113975612780148,-2.495545453585723,8.97434018069732,0.22732158769282193,1.8339602259351768
Leiant20BHI18BC11,Lei,ant,20,Lei ant,1.260058867090824,0.9070559198026623,0.4183649178205997,0.10603516834422481,0.7168103521837073
Leiant20BHI18BC12,Lei,ant,20,Lei ant,1.143345015413999,0.9286078737766639,0.3627241746966343,0.010463815095422803,0.712659757678022
Leiant20BHI18BC13,Lei,ant,20,Lei ant,1.1797147742329106,0.9375390570545247,0.39092461943317613,0.027292253207338375,0.7206224392793508
Leiant20BHI18BC21,Lei,ant,20,Lei ant,3.592688745030649,1.594692139739509,6.696165096000071,2.9899328977656094,-2.543201329248939
Leiant20BHI18BC22,Lei,ant,20,Lei ant,1.3580963416704592,-4.864542048327853,6.275219197778537,-2.687334246481839,0.6372202619129229
Leiant20BHI18BC23,Lei,ant,20,Lei ant,1.4044321268397766,-2.9757792291359912,9.803983896012944,-2.0281171333520946,3.5710491172487657
Leiant20BHI18BC31,Lei,ant,20,Lei ant,0.7479843855959084,-3.8277394700007497,8.787851170677449,-2.5704975078109285,2.635616235557308
Leiant20BHI18BC32,Lei,ant,20,Lei ant,0.7089869512857924,-4.0661641929053784,8.552629288394508,-2.4068931747698894,1.7156912174316739
Leiant20BHI18BC33,Lei,ant,20,Lei ant,0.7838710190643635,-4.204759365093389,7.887724065321058,-2.112891337366196,-0.32058453942712856
Leiant21BHI18BC11,Lei,ant,21,Lei ant,1.1527960213771689,3.1521815519188086,3.605771562069169,1.5153537873474836,4.249319964010828
Leiant21BHI18BC12,Lei,ant,21,Lei ant,0.5279005634589551,2.318283955522936,2.6076700680333134,1.4223195655926364,3.103506006488406
Leiant21BHI18BC13,Lei,ant,21,Lei ant,-0.02293262405788291,1.9194934701912747,2.1257827066844275,-0.025269155834147457,0.1026478356281887
Leiant21BHI18BC21,Lei,ant,21,Lei ant,8.207802639856482,-6.447965215620629,0.18204058442352514,-15.447165868144305,-2.4474794489768694
Leiant21BHI18BC22,Lei,ant,21,Lei ant,6.777418612274537,0.38641834794301977,1.9526111114931768,-8.275511290011396,-4.880782861606831
Leiant21BHI18BC23,Lei,ant,21,Lei ant,1.3352901195253435,-2.494544977125436,8.82707086963981,0.5565415992353656,1.5931090051013042
Leiant21BHI18BC31,Lei,ant,21,Lei ant,0.6137760738574997,-2.6045372321076474,8.947445670118178,-0.9751144458765559,3.9856081947549877
Leiant21BHI18BC32,Lei,ant,21,Lei ant,-0.6467352537991283,-4.431841238886112,6.845179413948553,-1.2346828266772336,-1.1581363248743741
Leiant21BHI18BC33,Lei,ant,21,Lei ant,-0.6434585980369996,-4.144333102312647,7.483669276552804,-0.9342768169175476,0.3614891165637052
Leiant22BHI18BC11,Lei,ant,22,Lei ant,1.142393414476824,0.6527252027262733,0.6260037292899263,0.09303924521216504,0.8288603907728881
Leiant22BHI18BC12,Lei,ant,22,Lei ant,1.230721069864006,0.6878086818509416,0.6278013815898214,0.10764041254174837,0.8698924858516452
Leiant22BHI18BC13,Lei,ant,22,Lei ant,1.253112017459529,0.6671543363909543,0.5372983402967166,0.10374748182596581,0.7401868695624021
Leiant22BHI18BC21,Lei,ant,22,Lei ant,7.977105651338309,-1.4860652594182469,1.0548827500841536,-16.504179532855357,-2.07189538780227
Leiant22BHI18BC22,Lei,ant,22,Lei ant,10.411604497236807,-16.614638375944,-3.7815666681654516,-13.44626353190007,-0.14193717761839292
Leiant22BHI18BC23,Lei,ant,22,Lei ant,8.455016969945337,-21.74464797628749,-6.460801283001345,-6.068363181780392,-0.0029238433359938133
Leiant22BHI18BC31,Lei,ant,22,Lei ant,1.8468053815351078,-3.2175327094735926,8.942368786983682,-0.8215048075852505,1.002405010316962
Leiant22BHI18BC32,Lei,ant,22,Lei ant,1.5993592452073975,-3.594979144713675,8.528694451248702,-0.5688131468744541,1.606111030399515
Leiant22BHI18BC33,Lei,ant,22,Lei ant,0.8066325321804247,-4.761313742286763,8.564674415838546,-1.1042173329998246,4.472461887652478
Leiant27BHI18BC11,Lei,ant,27,Lei ant,-20.317046361551686,-3.287533448454386,-9.093133118027014,4.0825974528207585,0.8805659466392937
Leiant27BHI18BC12,Lei,ant,27,Lei ant,-16.373043268815223,-5.9662678361959305,-10.401013095755731,5.16951236033641,1.0693846155185693
Leiant27BHI18BC13,Lei,ant,27,Lei ant,-12.810642266027184,-8.101601685881096,-11.373890349746523,5.5877276328187895,1.2486392823266752
Leiant27BHI18BC21,Lei,ant,27,Lei ant,-3.2870977627407414,-15.055291856437222,-15.284246241084874,8.682359132888424,1.5352159200607156
Leiant27BHI18BC22,Lei,ant,27,Lei ant,4.298909711831149,-15.587913431270586,-15.52067838907811,4.221896177130996,1.8366808976858247
Leiant27BHI18BC23,Lei,ant,27,Lei ant,1.6180309823558534,-15.957377511202388,-15.741027461661155,6.296177576377305,1.687090197460478
Leiant27BHI18BC31,Lei,ant,27,Lei ant,10.459885076732803,-6.8291078954209805,-12.166320388541063,-5.451664309144881,2.261544169823945
Leiant27BHI18BC32,Lei,ant,27,Lei ant,9.342301995831795,-10.203101201038145,-13.290365621723067,-1.9156454993193672,2.1153734098233388
Leiant27BHI18BC33,Lei,ant,27,Lei ant,7.641822774115663,-12.171250633060243,-13.859511013977395,0.4302942877868081,2.034398051427193
Leikaf15BHI18BC11,Lei,kaf,15,Lei kaf,-0.5855126744262555,-1.485929164584601,1.4719307502250714,-0.03067242950486342,-1.519936459380464
Leikaf15BHI18BC12,Lei,kaf,15,Lei kaf,-1.6664176788193643,-1.2694595897500045,1.224677710036985,-0.29581729804750795,-1.136033903021949
Leikaf15BHI18BC13,Lei,kaf,15,Lei kaf,-0.685574855918261,-1.2428624366620926,1.1452876338108984,0.05180608069742037,-1.6796506457459608
Leikaf15BHI18BC31,Lei,kaf,15,Lei kaf,2.448616004807528,7.825173468506591,-0.8005748150825654,8.999056736971582,-8.08783454839668
Leikaf15BHI18BC32,Lei,kaf,15,Lei kaf,0.6010366745418577,-0.9268461857780294,5.062335674215993,2.205902835108551,0.9745542115576185
Leikaf15BHI18BC33,Lei,kaf,15,Lei kaf,1.6876150942665382,1.4460387946983915,4.180277627178487,5.1188876310080484,-3.3984127008470812
Leikaf15BHI18BC21,Lei,kaf,15,Lei kaf,0.8304103459780338,-0.3657191503507059,-0.5995863900981777,2.065354627587362,-2.0998509322085916
Leikaf15BHI18BC22,Lei,kaf,15,Lei kaf,1.9334167266919227,2.5654802036941295,-2.2863367562492902,5.120275799927898,-4.672514617938302
Leikaf15BHI18BC23,Lei,kaf,15,Lei kaf,1.5026026991637254,0.47872150956925863,-1.6612209311935522,1.6597963268517895,-3.7770622983735236
Leirub04BHI18BC11,Lei,rub,4,Lei rub,-1.6315519429334697,1.2112456426548805,0.8951210661225861,-0.6327545118796211,3.3207763754950137
Leirub04BHI18BC12,Lei,rub,4,Lei rub,-1.626844034325104,1.3463884249399785,0.6568588753369531,-0.8480742812704052,3.2204884504128284
Leirub04BHI18BC13,Lei,rub,4,Lei rub,-1.3381167186345404,1.3666093340138912,0.4222045766997222,-0.6961753249357784,3.1899738195895813
Leirub04BHI18BC21,Lei,rub,4,Lei rub,-35.08117519583088,7.191929464735685,-0.6653586251481726,-5.828689363796303,-0.8463263016851332
Leirub04BHI18BC22,Lei,rub,4,Lei rub,1.2499455782816042,0.6188054702684317,1.4987825398095274,-0.035949801971411684,2.4436440642123705
Leirub04BHI18BC23,Lei,rub,4,Lei rub,-0.06594289283818995,-0.8411004824704124,2.926705784770301,-0.637445369659509,1.9898552995544152
Leirub04BHI18BC31,Lei,rub,4,Lei rub,-1.9425448582667142,-4.123178485189685,4.942050899935783,-1.8837760864233986,0.15778243767655972
Leirub04BHI18BC32,Lei,rub,4,Lei rub,0.7751843330647302,0.22349711114791496,4.626638149237135,1.2819949998126228,1.0228308271726834
Leirub04BHI18BC33,Lei,rub,4,Lei rub,1.370077468223591,-2.759063704303088,4.008759896182318,-0.5275178724489108,-0.5030990666311951
Leirub05BHI18BC11,Lei,rub,5,Lei rub,-1.599322661416574,0.49370324247982866,1.9880874889703841,-1.273346591332115,3.455747278548245
Leirub05BHI18BC12,Lei,rub,5,Lei rub,-1.9408023447500378,0.6122850300579031,2.467462076973423,-1.0524482273349893,3.412987592051218
Leirub05BHI18BC13,Lei,rub,5,Lei rub,-1.8265807938594456,0.7202474306563522,1.8128891341014373,-1.11531787332379,3.353307807117794
Leirub05BHI18BC21,Lei,rub,5,Lei rub,-2.4978537909043386,-18.166167079318924,-10.84038996508471,5.228206879214943,1.1161286789786973
Leirub05BHI18BC22,Lei,rub,5,Lei rub,-16.351497969954075,-3.662673755132304,-4.033186011733957,0.6543201761127619,0.9024531138480796
Leirub05BHI18BC23,Lei,rub,5,Lei rub,4.782673364165424,-5.8850599521607565,-3.781384336453338,-4.2598044806081425,1.3016346106296164
Leirub05BHI18BC31,Lei,rub,5,Lei rub,3.839624508971651,4.262199494422954,1.7913873707342616,-0.4160231184336075,1.5797018434351042
Leirub05BHI18BC32,Lei,rub,5,Lei rub,3.4581359510268466,6.044818718583796,1.6240536406935926,0.21389531654891028,0.8610068909280374
Leirub05BHI18BC33,Lei,rub,5,Lei rub,3.313546289176993,5.605007075140843,1.9073628755017389,-1.3011052681019661,1.671080538739986
Salspp12BHI18BC11,Sal,spp,12,Sal spp,-0.322353929926318,1.4200512250483492,1.862341434213218,-0.8995323534390443,3.1858482661736174
Salspp12BHI18BC12,Sal,spp,12,Sal spp,-0.3387957304747788,0.6474185832062849,2.137278501665465,-0.9082284832848389,2.7025661241220607
Salspp12BHI18BC13,Sal,spp,12,Sal spp,0.3844015109399763,1.7920086851415662,1.0658258699048029,-0.5838100561522482,2.846590089043802
Salspp12BHI18BC21,Sal,spp,12,Sal spp,-19.588769594353575,-4.451357288809542,-4.0199573342310995,2.060519289459106,1.6071079871084604
Salspp12BHI18BC22,Sal,spp,12,Sal spp,-0.10087506475376389,-0.840927974103714,3.539100793045482,-1.4066066927151115,2.776968919863543
Salspp12BHI18BC23,Sal,spp,12,Sal spp,-13.37161302985873,-5.180861060614529,-2.9053479579031913,1.642704533042808,2.1051864139481284
Salspp12BHI18BC31,Sal,spp,12,Sal spp,4.33803798176112,13.213413052693308,-2.272895746412856,0.5029423460778517,-1.3100556433291768
Salspp12BHI18BC32,Sal,spp,12,Sal spp,0.030820405232478816,-0.6001442213730382,3.450348407316298,-1.4713598173542384,3.1717372507285915
Salspp12BHI18BC33,Sal,spp,12,Sal spp,-0.4686904402660378,-0.8363113492241607,3.5588508816684365,-1.6752067110701494,2.9521367028005194
Leirub16BHI18BC21,Lei,rub,16,Lei rub,-35.6439622151147,11.773397003015603,1.6202169568677867,-11.3826992288702,-1.3362611182243627
Leirub16BHI18BC22,Lei,rub,16,Lei rub,0.0385946216574247,-1.296175497497178,2.945207015642307,-0.3745298001410523,0.973352161625803
Leirub16BHI18BC23,Lei,rub,16,Lei rub,-0.2696372642941925,-0.9303538022304566,3.470577557523619,-0.3373555963210964,1.313066479798873
Leirub16BHI18BC31,Lei,rub,16,Lei rub,-0.05719092439101946,0.13312238594715556,2.0339625334365525,0.016193844872405716,1.607136950077597
Leirub16BHI18BC32,Lei,rub,16,Lei rub,-0.02361107794226001,-0.14468866172231137,2.1970305745221506,-0.06490679029958893,1.5158213895557529
Leirub16BHI18BC33,Lei,rub,16,Lei rub,0.011613746952349869,-0.1974036333691703,2.5845969381990854,-0.044370587855099085,1.583256434057286
Leirub16BHI18BC11,Lei,rub,16,Lei rub,0.35815261596371173,0.12066821341033766,0.02604026290844597,0.9088068285012553,-1.346725052166622
Leirub16BHI18BC12,Lei,rub,16,Lei rub,0.7007996631400517,0.03723178027662408,0.4378810064482371,1.4087762328315672,0.2913812626157073
Leirub16BHI18BC13,Lei,rub,16,Lei rub,1.4180298263568745,0.8802830060619207,1.252611161261028,1.5413237412743421,1.531488277786077
Salspp18BHI18BC11,Sal,spp,18,Sal spp,-1.827215142065076,0.9628627157573062,1.7381500434138444,-0.983026234449445,3.6673326115295004
Salspp18BHI18BC12,Sal,spp,18,Sal spp,-0.9781408154153691,1.2244606169303833,0.8797913088725373,-1.1948210843651736,3.3001856001922403
Salspp18BHI18BC13,Sal,spp,18,Sal spp,-1.0312932178857341,1.2173397464540616,0.8815717044628374,-1.2397693222398432,3.3481743169883433
Salspp18BHI18BC31,Sal,spp,18,Sal spp,-0.11716979453004231,0.04236242122713922,3.163719852227332,-0.8112169650552785,2.7566919551410383
Salspp18BHI18BC32,Sal,spp,18,Sal spp,-0.6721359591200734,-0.13890475993404966,3.069387293428013,-0.36109127014451803,2.5394327108895913
Salspp18BHI18BC33,Sal,spp,18,Sal spp,-0.4763668010919515,0.5446325703223527,3.033895144584868,-0.5095649115684383,3.19262645012205
Salspp18BHI18BC21,Sal,spp,18,Sal spp,0.7385620839488826,0.3252210418421603,-0.5324561857384558,1.0502442759462656,-2.7143394581347833
Salspp18BHI18BC22,Sal,spp,18,Sal spp,0.8402102552637941,0.4901786852941405,-0.6672330247974314,1.8241428717312478,-1.8947683178551697
Salspp18BHI18BC23,Sal,spp,18,Sal spp,0.8263168054876907,0.14886610627114794,-1.3369955009714156,1.5104103771380304,-2.1320704030204696
Salspp23BHI18BC11,Sal,spp,23,Sal spp,-1.112929522098097,1.1410769799732423,0.3522900174494808,-0.3368662511143197,2.296529556289726
Salspp23BHI18BC12,Sal,spp,23,Sal spp,-1.0461918119402696,1.0399048049417259,1.2480213957100597,-0.0022282719990705424,2.1974703409673855
Salspp23BHI18BC13,Sal,spp,23,Sal spp,-1.0597018418582187,1.0781818619313126,0.769714236025339,-0.1963115215622342,2.313796384963841
Salspp23BHI18BC21,Sal,spp,23,Sal spp,-0.04005506597694318,-0.38022092074816427,3.2877364768700224,-0.9720340929757242,2.233985918604975
Salspp23BHI18BC22,Sal,spp,23,Sal spp,0.8930244937339888,1.5226961786067668,3.9897416607802403,0.03063642507587782,2.7380648039621844
Salspp23BHI18BC23,Sal,spp,23,Sal spp,0.9298521977989572,-1.096371855248862,3.126559680131621,-0.9885472314358149,1.8077906292389423
Salspp23BHI18BC31,Sal,spp,23,Sal spp,0.634957889027798,0.48777637451186795,6.364172916923085,-0.13399055023925374,6.7215819502218785
Salspp23BHI18BC32,Sal,spp,23,Sal spp,0.7057046870622032,0.4443832584389393,6.141106528403343,0.19649725201745225,6.503987973135807
Salspp23BHI18BC33,Sal,spp,23,Sal spp,0.5658061239641389,0.32970876991677284,5.984241413649985,0.2868342616876865,5.802090368370926
Salspp30BHI18BC21,Sal,spp,30,Sal spp,2.563376912283728,-3.212630820979488,-0.6904899103082872,-2.6554793090678284,2.8308370095749784
Salspp30BHI18BC22,Sal,spp,30,Sal spp,-18.397271210741657,-1.976063264931467,-0.7342380614628682,-0.33938944196342913,2.3295828467409856
Salspp30BHI18BC23,Sal,spp,30,Sal spp,-23.188276546643067,4.410917589745011,2.070728881680444,-4.321702154062125,2.111525775112538
Salspp30BHI18BC31,Sal,spp,30,Sal spp,-0.09545068803652051,0.4579991090446638,2.318770270852173,-1.9800168210398954,4.561473429685868
Salspp30BHI18BC32,Sal,spp,30,Sal spp,0.02317827102147516,0.4369010891783666,2.5643600225374255,-2.0846258027288886,4.251470346815761
Salspp30BHI18BC33,Sal,spp,30,Sal spp,0.3923713881841226,-0.5449579529690629,3.7479545428279715,-2.0911526142155665,4.182780900162433
Salspp30BHI18BC11,Sal,spp,30,Sal spp,0.47258410724954586,0.5361431961178241,-1.829404479462243,0.843766116494738,-1.8733809782781696
Salspp30BHI18BC12,Sal,spp,30,Sal spp,0.4117619474827339,0.5488838991108276,-2.458767155517248,1.0803397254357991,-1.356392767818645
Salspp30BHI18BC13,Sal,spp,30,Sal spp,0.3863333360039168,0.4596487538796416,-2.42013525318022,1.118754838650145,-1.3390756918838218
Rhoery44BHI18BC21,Rho,ery,44,Rho ery,4.255731774015963,-0.30221991569131074,1.6722494439888547,1.0060096051945524,1.8128819922530521
Rhoery44BHI18BC22,Rho,ery,44,Rho ery,3.299767573241176,0.48059458458649273,1.0295681050154062,0.633733492297118,1.6188405396432801
Rhoery44BHI18BC23,Rho,ery,44,Rho ery,3.0067091821437786,0.543441463611083,0.8024516541556955,0.6236510382852686,1.6463887326079334
Rhoery44BHI18BC31,Rho,ery,44,Rho ery,5.128703281050731,-1.062048586381591,1.2620760910470818,0.8620543105328728,1.1712387687797823
Rhoery44BHI18BC32,Rho,ery,44,Rho ery,3.767920436197517,-0.14019048885621044,1.0298667665311343,0.7889569273537282,0.9955825232590957
Rhoery44BHI18BC33,Rho,ery,44,Rho ery,5.016611052040515,-1.3338973209203415,1.4548287523007903,0.7209398446967284,1.1656125505117472
Rhoery44BHI18BC11,Rho,ery,44,Rho ery,1.5780967431054238,-0.4906307025697042,0.9141122366281155,1.467792748152228,-0.6284000793131433
Rhoery44BHI18BC12,Rho,ery,44,Rho ery,1.8363791362106292,-0.21249433855258745,1.7579762794616072,1.5218630649879288,1.8995937437898331
Rhoery44BHI18BC13,Rho,ery,44,Rho ery,2.159703932473361,0.7735210774148846,2.9808317203197476,1.2531691879208224,1.6806667811333804
Rhoery45BHI18BC21,Rho,ery,45,Rho ery,-31.2913628795339,-0.9658943263753886,-3.3021087523948505,0.8249862831621533,-0.26777507591885985
Rhoery45BHI18BC22,Rho,ery,45,Rho ery,-22.946270042718634,-9.41527126528741,-6.642836696001103,5.82976880927962,0.24336305405323438
Rhoery45BHI18BC23,Rho,ery,45,Rho ery,-27.81560306294716,-5.3764898853188905,-5.101867371623362,4.005573868674468,0.02055113426821812
Rhoery45BHI18BC31,Rho,ery,45,Rho ery,4.617894131375093,5.515308953821305,1.9082012258946384,2.529679327800692,0.9745706047686362
Rhoery45BHI18BC32,Rho,ery,45,Rho ery,3.91391065000084,4.766071143634381,2.6624557290452007,3.734079937399234,1.5501451373455801
Rhoery45BHI18BC33,Rho,ery,45,Rho ery,2.051324874850297,1.7786098210790755,3.9246152763826534,1.201272792622358,2.182897858330652
Rhoery45BHI18BC11,Rho,ery,45,Rho ery,-35.69657289938259,6.234398461143955,-1.6912077949584916,-5.620614652773127,-3.333397824690529
Rhoery45BHI18BC12,Rho,ery,45,Rho ery,-34.861228709659784,4.549960208874898,-2.331462723803474,-4.211286027742529,-3.307810016012677
Rhoery45BHI18BC13,Rho,ery,45,Rho ery,-34.943219673077266,5.975579520435192,-1.6572134267602494,-5.37852808988222,-3.2699514325595547
Paeant38BHI18BC11,Pae,ant,38,Pae ant,0.9898652230371787,0.04727741892457118,2.2899386084643183,-1.5467525391263868,2.135065824820161
Paeant38BHI18BC12,Pae,ant,38,Pae ant,1.0296303621928078,-0.1415617305082453,2.592277328119078,-1.6263203636035022,2.2087376794787863
Paeant38BHI18BC13,Pae,ant,38,Pae ant,1.1533775053773316,0.13616419209316008,2.3234642616001957,-1.4565652336872015,2.135229277706494
Paeant38BHI18BC21,Pae,ant,38,Pae ant,2.0310404131547646,1.254552271341673,4.962315535273097,0.4947136039247733,3.0152191707135594
Paeant38BHI18BC22,Pae,ant,38,Pae ant,1.0188644630731343,-1.2346631537101802,5.2185631079689605,-1.747965109355209,2.0228591131429567
Paeant38BHI18BC23,Pae,ant,38,Pae ant,0.9812664364137935,-1.2304249216345584,4.920356027292797,-2.2023625956415995,2.227469869244357
Paeant38BHI18BC31,Pae,ant,38,Pae ant,1.8435099359592115,1.127530939017796,1.140182656066488,-0.9139418689593619,2.7970207594825793
Paeant38BHI18BC32,Pae,ant,38,Pae ant,2.7201335347284337,0.5662682655068448,2.276433898585175,-0.9542800382976201,2.4003701620495077
Paeant38BHI18BC33,Pae,ant,38,Pae ant,2.2125648958530557,-0.06620619481105898,2.6585373146145197,-1.1755843927299248,2.262881307229488
Polspp42BHI18BC11,Pol,spp,42,Pol spp,0.9983510558417941,3.9292697375272256,-4.424713027965814,1.4019425872459408,0.7900319357012426
Polspp42BHI18BC12,Pol,spp,42,Pol spp,0.9694702789669244,4.058837375713905,-4.889030344447912,1.518562865265715,1.1738052027516996
Polspp42BHI18BC13,Pol,spp,42,Pol spp,1.173252360175743,4.034405212243655,-4.426977754943155,1.3081221557015439,0.5582665674636147
Polspp42BHI18BC21,Pol,spp,42,Pol spp,7.297010044705826,15.177709184406577,-8.591035057079619,-11.655391226484218,-1.203224284792508
Polspp42BHI18BC22,Pol,spp,42,Pol spp,4.466530305621159,16.6347706808173,-8.810382096206904,1.7536851055879745,-3.7759024597098314
Polspp42BHI18BC23,Pol,spp,42,Pol spp,5.181120957012007,17.560232932591823,-9.136382760759886,-0.6481401631950902,-3.4405129996661
Polspp42BHI18BC31,Pol,spp,42,Pol spp,1.7422079478241794,4.581424307497072,-0.8414190697230782,2.4885034798690753,6.0012518693215755
Polspp42BHI18BC32,Pol,spp,42,Pol spp,1.6994499844708713,4.533901485443926,-1.0544808198564373,2.035033788676593,3.618975669734796
Polspp42BHI18BC33,Pol,spp,42,Pol spp,1.8826961503516755,4.673791688624262,-0.5537282432021172,2.248720902233391,5.707937045941547
Pseflu33BHI18BC21,Pse,flu,33,Pse flu,-17.754714088671474,-5.74114658624638,-10.921245239344803,7.7097237956901665,1.419143831473876
Pseflu33BHI18BC22,Pse,flu,33,Pse flu,-29.992927667805358,4.699987966140242,-5.575563455972072,-0.4430046649697823,0.6592152388300407
Pseflu33BHI18BC23,Pse,flu,33,Pse flu,2.6479438707449923,-13.52693079106274,-14.663046947187983,4.617860477016407,2.039171654403555
Pseflu33BHI18BC31,Pse,flu,33,Pse flu,-12.376320329190351,-9.321072059478174,-12.137217768492162,8.860286302993604,1.2032856175500217
Pseflu33BHI18BC32,Pse,flu,33,Pse flu,-4.400409512818498,-4.626982952829421,-10.75623612521007,2.4782572168530916,1.66192158023436
Pseflu33BHI18BC33,Pse,flu,33,Pse flu,-1.7058509472655066,-14.892015829742293,-14.735648390987684,8.090639095862041,1.312841156908255
Pseflu33BHI18BC11,Pse,flu,33,Pse flu,4.345060342012267,15.228601580454129,-10.87080457769567,-1.234965598810584,-7.105052767503912
Pseflu33BHI18BC12,Pse,flu,33,Pse flu,10.856149573525727,-11.851333827199534,-13.086685278959228,-7.3773315673470865,-1.1998632426152425
Pseflu33BHI18BC13,Pse,flu,33,Pse flu,10.372124761608712,-3.337481316052859,-10.733584827167261,-14.102513202874096,-1.5823284645794515
Pseant34BHI18BC21,Pse,ant,34,Pse ant,-6.2213063783909055,-10.611363831512866,-12.290810982385588,3.9748260518105423,1.9582259103859234
Pseant34BHI18BC22,Pse,ant,34,Pse ant,-34.6343434354137,10.349222976495865,-2.571620204946733,-5.455232546876845,-0.6473181026636042
Pseant34BHI18BC23,Pse,ant,34,Pse ant,-5.155184226164265,-9.863276442065057,-11.958177904523732,2.844774900164185,2.1881545486458625
Pseant35BHI18BC21,Pse,ant,35,Pse ant,11.231053075090765,-6.269125990433498,-11.940719424424001,-7.842083078367459,2.978508069274819
Pseant35BHI18BC22,Pse,ant,35,Pse ant,9.633870766553946,-11.781000585669151,-13.86791224132624,-3.4205870564520966,2.972431001220824
Pseant35BHI18BC23,Pse,ant,35,Pse ant,7.892138372478674,-14.134680447600521,-14.500998555946252,-0.7012010379385664,2.756959662368558
Psespp32BHI18BC11,Pse,spp,32,Pse spp,7.494404574402775,10.683579585473614,-9.487287040228003,-16.794980784496378,1.8130273089047917
Psespp32BHI18BC12,Pse,spp,32,Pse spp,8.756480753727523,6.3946055653999485,-10.054114994562282,-15.130304825342382,2.080006531270488
Psespp32BHI18BC13,Pse,spp,32,Pse spp,7.649874732941692,-10.146408995321487,-12.833836326389822,-6.233741528407307,2.7538515095906746
Psespp32BHI18BC21,Pse,spp,32,Pse spp,3.6064864185277474,9.949670364016438,-2.43606700426828,6.150657136872587,0.5469155963707466
Psespp32BHI18BC22,Pse,spp,32,Pse spp,3.6708394824378123,12.327915180082554,-5.911427988382062,9.136009669685903,-2.1839211319863843
Psespp32BHI18BC23,Pse,spp,32,Pse spp,3.7059385915209897,14.697541496450762,-8.130094880103709,9.095784107718185,-3.0422075667014745
Psespp32BHI18BC31,Pse,spp,32,Pse spp,3.3179998264863633,8.251449329325528,-0.8902824745487412,3.050418461743703,5.292489096712222
Psespp32BHI18BC32,Pse,spp,32,Pse spp,3.7727755062198503,9.140466020368372,-1.1818944521564527,3.2821453299169763,3.4527989753407167
Psespp32BHI18BC33,Pse,spp,32,Pse spp,3.1793383311500034,7.810839766776762,0.33788349444363514,2.086932277815657,5.406562427113191
Psespp17BHI18BC11,Pse,spp,17,Pse spp,-36.57600403210417,13.813308006183284,-0.798957240376042,-12.064552724036677,-0.3000727737749931
Psespp17BHI18BC12,Pse,spp,17,Pse spp,-29.615698328494354,2.9910054841935736,-5.597152429316501,-1.6171422600586736,1.557645873507827
Psespp17BHI18BC13,Pse,spp,17,Pse spp,-30.029995582133637,2.4062260373269315,-5.92114059442091,-0.5496130824657517,1.3401883405239936
Psespp17BHI18BC21,Pse,spp,17,Pse spp,5.619947211054818,-18.675588908807374,-15.595321656930707,3.2989239867861744,2.6534382659825506
Psespp17BHI18BC22,Pse,spp,17,Pse spp,-31.72814266067215,4.340006040920384,-4.786050280125704,-0.9815937691257829,1.3005190272321288
Psespp17BHI18BC23,Pse,spp,17,Pse spp,-2.25298318890167,-14.914410304614329,-12.974988419222676,4.780180778947545,3.080959597185472
Psespp17BHI18BC31,Pse,spp,17,Pse spp,1.8171516581501312,4.605693419951687,0.6152382592083548,0.5111903884358935,6.266958939404849
Psespp17BHI18BC32,Pse,spp,17,Pse spp,1.4922224498424728,4.520453440013021,0.4028069475973606,-0.5491018870301246,1.7409600446346503
Psespp17BHI18BC33,Pse,spp,17,Pse spp,1.1998009903284605,4.3500592339128055,-0.3478726051737289,-0.02973801018975805,3.128458489257265
Psespp34BHI18BC31,Pse,spp,34,Pse spp,0.6717923837707582,4.836907202971169,-3.8303850800064314,2.7486029040035116,3.678170268107807
Psespp34BHI18BC32,Pse,spp,34,Pse spp,0.7789381472683717,5.27374162303454,-4.443563656525632,1.2031227688892114,2.9373182165255916
Psespp34BHI18BC33,Pse,spp,34,Pse spp,0.7914297779839957,5.055199523025351,-3.8617952455445854,2.6336409869721407,3.6551801336254774
Psespp34BHI18BC11,Pse,spp,34,Pse spp,2.274243583217979,1.4890499687414713,-5.060391246592437,1.8022494209477284,-1.7130536802632457
Psespp34BHI18BC12,Pse,spp,34,Pse spp,2.048985934495062,1.2797823141807083,-4.8314822244144855,1.7783635030334044,-1.752548786558223
Psespp34BHI18BC13,Pse,spp,34,Pse spp,2.0219293234333096,2.2718183436890955,-4.510040418849416,2.077215888651965,-1.3371552956128367
Pseext35BHI18BC11,Pse,ext,35,Pse ext,10.483611721806257,-1.1698304862163704,-10.119896853275463,-15.327500639421908,2.524025466018783
Pseext35BHI18BC12,Pse,ext,35,Pse ext,7.8715891936379805,10.348173673242538,-9.022310879344863,-14.964608489906439,1.2906879629298673
Pseext35BHI18BC13,Pse,ext,35,Pse ext,8.553240631536045,8.70965572454952,-8.91909369791479,-16.81953782108398,1.7463039148013872
Pseext35BHI18BC31,Pse,ext,35,Pse ext,3.8319855909850307,14.635669614943982,-7.72631041228655,8.42882891034302,-2.1139271696267556
Pseext35BHI18BC32,Pse,ext,35,Pse ext,4.241692754703486,14.186491212108033,-5.993654026252446,4.741199371876286,-0.34864529008907974
Pseext35BHI18BC33,Pse,ext,35,Pse ext,4.4777718383509395,19.09448715685963,-9.966187703782813,-0.13086672915587622,-1.0447555485737354
Psever36BHI18BC11,Pse,ver,36,Pse ver,2.166654060574546,6.5491273513720225,-1.4005286529850915,3.120966200945171,2.8221454508532977
Psever36BHI18BC12,Pse,ver,36,Pse ver,2.6300712824294203,12.35135295687377,-5.804168046760397,4.551175636367208,-1.5556766079640816
Psever36BHI18BC13,Pse,ver,36,Pse ver,2.0987352442717557,7.396806998528701,-2.3999560989421806,4.184805793636119,0.9862345729337819
Psever36BHI18BC31,Pse,ver,36,Pse ver,1.4284908154265121,6.82292775089123,-6.518876139243136,1.1686113182110036,4.6769502499543565
Psever36BHI18BC32,Pse,ver,36,Pse ver,1.385904072381042,6.807644731226112,-6.577989195217187,1.2541129593850013,4.781578843222006
Psever36BHI18BC33,Pse,ver,36,Pse ver,1.3774776819949204,6.7957994257591885,-6.389863632352673,1.1552521716800965,4.598390933735144
Psever36BHI18BC21,Pse,ver,36,Pse ver,9.924144674162882,-1.6245665762309616,-12.01286030223734,-11.086334735890476,-0.24267756992463363
Psever36BHI18BC22,Pse,ver,36,Pse ver,10.373668115039129,-1.3408632657666415,-11.906331370860162,-12.457859063993293,-0.16964280464176398
Psever36BHI18BC23,Pse,ver,36,Pse ver,4.060130434461175,13.187954418839022,-10.996855186315406,4.233203741736464,-5.1255668510593315
Psygla11BHI18BC11,Psy,gla,11,Psy gla,-36.08574256962755,11.700583056211576,-1.1154259284207648,-9.945652733036237,-1.3183203683028826
Psygla11BHI18BC12,Psy,gla,11,Psy gla,9.065017748155668,-0.2725227474427218,-10.238493649086461,-10.564971158450515,0.7823656758935569
Psygla11BHI18BC13,Psy,gla,11,Psy gla,-2.1856712904087847,-11.942974823604743,-12.160118661967838,2.3248767514245565,1.3413806801600863
Psygla11BHI18BC21,Psy,gla,11,Psy gla,-33.92259220211957,16.859543875539543,0.6204736568899638,-14.21594121565576,-1.0924785782892092
Psygla11BHI18BC22,Psy,gla,11,Psy gla,-34.19092771632571,16.79230016199548,0.6005216358013277,-14.061493680659103,-1.111443207275357
Psygla11BHI18BC23,Psy,gla,11,Psy gla,-34.02957371508299,16.864284826513153,0.6882020669761595,-14.11656247684566,-1.1001293673534522
Psygla11BHI18BC31,Psy,gla,11,Psy gla,1.1748608004357168,6.1148866677920015,-3.3783528320493525,2.0028973663614926,2.5098569325741633
Psygla11BHI18BC32,Psy,gla,11,Psy gla,1.2469437368446092,6.162549285608862,-2.72269798017277,1.430477202135268,1.7367219952777715
Psygla11BHI18BC33,Psy,gla,11,Psy gla,1.495007899961833,6.250911365062664,-1.9727596470612914,0.7544487440407169,0.6911820198075802
Psyura25BHI18BC11,Psy,ura,25,Psy ura,0.3193691539160142,5.949840576627513,-5.268872646498592,0.9440097505861588,3.1818973244568043
Psyura25BHI18BC12,Psy,ura,25,Psy ura,0.14663072706194333,5.933793623613653,-5.410712636641282,1.320128042452328,3.4864674729142027
Psyura25BHI18BC13,Psy,ura,25,Psy ura,0.22132659297609,5.967417770424854,-5.434806784812561,1.1481283323734586,3.348953716610378
Psyura25BHI18BC21,Psy,ura,25,Psy ura,8.361547095439876,10.687711849371388,-5.862963545075387,-13.669244144599332,-0.027453106848002968
Psyura25BHI18BC22,Psy,ura,25,Psy ura,8.324776913430979,10.046342917010788,-5.9615988383817236,-14.156112387407742,0.007582197135416694
Psyura25BHI18BC23,Psy,ura,25,Psy ura,9.27709987933022,5.4567559125645255,-6.0380371812047935,-15.343364311878565,0.7409325283884208
Psyura25BHI18BC31,Psy,ura,25,Psy ura,-7.4331893083530405,-15.495090671555042,-11.794569534077834,7.927486244156348,1.241646977761918
Psyura25BHI18BC32,Psy,ura,25,Psy ura,-9.130346734757952,-14.470612985122283,-11.17492262820364,7.9922045693707675,1.1314305355888874
Psyura25BHI18BC33,Psy,ura,25,Psy ura,-13.395245734304345,-12.864699538712173,-10.571812417463297,8.557086976721665,1.0188683621069556
Psyura24BHI18BC11,Psy,ura,24,Psy ura,1.7750341844816488,6.148871940214453,-4.839336990304702,1.4048894932578322,2.802350459459582
Psyura24BHI18BC12,Psy,ura,24,Psy ura,1.259815859788711,6.279552289301219,-5.2328649588077925,1.3223761218221037,2.8726469689834797
Psyura24BHI18BC13,Psy,ura,24,Psy ura,1.4149463235144315,6.113426805809642,-4.930110328397076,1.3274000953967449,2.789467173793659
Psyura24BHI18BC31,Psy,ura,24,Psy ura,3.798926665009486,15.126756247496134,-7.409433480415479,6.324141558631852,-1.2376322023907187
Psyura24BHI18BC32,Psy,ura,24,Psy ura,3.467837504385835,8.762374996734476,-0.9935281025679614,4.343345351121643,2.9246155110479193
Psyura24BHI18BC33,Psy,ura,24,Psy ura,3.883839652204771,10.435268594254062,-3.4717080240023472,7.292886719826781,-0.2043973815286397
Psyura24BHI18BC21,Psy,ura,24,Psy ura,5.35125554354967,15.327951140738959,-12.12723514372311,-1.3698856538731203,-4.5648364655515135
Psyura24BHI18BC22,Psy,ura,24,Psy ura,5.908899549762051,13.7442715572043,-11.556476533844025,-4.883221087101282,-3.4961633407248702
Psyura24BHI18BC23,Psy,ura,24,Psy ura,3.6361301849844105,14.301287947907563,-11.39332060496151,4.730019424768315,-5.119210675197842
Rhoyun03BHI18BC11,Rho,yun,3,Rho yun,2.4323273552801,2.4844528352538817,-1.0656523543328107,0.9737772957880246,1.8877124248907002
Rhoyun03BHI18BC12,Rho,yun,3,Rho yun,2.248845076980623,2.5077144444366835,-0.9754700489526245,0.9304665115948614,1.8977946687204956
Rhoyun03BHI18BC13,Rho,yun,3,Rho yun,2.562915063919447,2.4098631975179883,-1.0830911864922472,0.8778579079983428,1.6940738253941152
Rhoyun03BHI18BC21,Rho,yun,3,Rho yun,4.820730973495542,5.202199273226111,2.398327398721528,3.9498496714194555,2.6917334044996735
Rhoyun03BHI18BC22,Rho,yun,3,Rho yun,2.218407954266922,2.026807653841533,1.6874721736300906,1.065511939384667,1.9203439444821095
Rhoyun03BHI18BC23,Rho,yun,3,Rho yun,7.1214198158599435,9.859575529537025,-2.715981421784078,5.27321276234024,-2.7773332251785847
Rhoyun03BHI18BC31,Rho,yun,3,Rho yun,1.727350139574859,0.1309682211771422,1.9243652155122106,0.031646419357413996,2.0133972087740073
Rhoyun03BHI18BC32,Rho,yun,3,Rho yun,1.767196291398657,0.16810228101766797,2.6500495908880595,0.06751141286379787,1.4729467565033167
Rhoyun03BHI18BC33,Rho,yun,3,Rho yun,1.8640288941043321,0.5172832222587238,0.44472168928071965,-0.6257191531026989,2.1441327358468762
Rhoyun28BHI18BC11,Rho,yun,28,Rho yun,2.705013832778203,4.028193415920707,2.2493268841455993,6.919457580369389,-4.775163815399591
Rhoyun28BHI18BC12,Rho,yun,28,Rho yun,2.779951492133609,4.4469539885008915,1.9777432554497845,7.03185431669411,-4.997968824547841
Rhoyun28BHI18BC13,Rho,yun,28,Rho yun,3.1001967831465,5.873228344066649,0.542928796226461,8.213162682067221,-6.56667824273423
Rhoyun28BHI18BC21,Rho,yun,28,Rho yun,7.973780081122058,-16.644388144031307,-7.913840756905047,-3.7837460916741734,-2.403660033423171
Rhoyun28BHI18BC22,Rho,yun,28,Rho yun,-10.024742640787455,-17.6120794253961,-8.100263735273135,6.876449540486833,-2.0829788287024567
Rhoyun28BHI18BC23,Rho,yun,28,Rho yun,-8.588072152806673,-17.921722814662502,-8.15157143503207,6.45153888733571,-2.0996645796029014
Rhoyun28BHI18BC31,Rho,yun,28,Rho yun,6.564182841243416,15.022301692431716,-5.991308892774021,-0.3719156963551623,-6.913986483003281
Rhoyun28BHI18BC32,Rho,yun,28,Rho yun,5.160633789899492,12.632441020654783,-4.218067528885874,3.8897436190772847,-6.548569861474294
Rhoyun28BHI18BC33,Rho,yun,28,Rho yun,4.134057744842828,6.891013178004795,0.33774738364002616,7.59443954170318,-4.258768184595905
